/*
Navicat MySQL Data Transfer

Source Server         : MySQL
Source Server Version : 50022
Source Host           : localhost:3306
Source Database       : news

Target Server Type    : MYSQL
Target Server Version : 50022
File Encoding         : 65001

Date: 2017-06-26 09:59:33
*/

SET FOREIGN_KEY_CHECKS=0;

-- ----------------------------
-- Table structure for `admin`
-- ----------------------------
DROP TABLE IF EXISTS `admin`;
CREATE TABLE `admin` (
  `admin_id` int(11) NOT NULL auto_increment,
  `adminname` varchar(20) default NULL,
  `adminpassword` varchar(30) default NULL,
  PRIMARY KEY  (`admin_id`)
) ENGINE=InnoDB DEFAULT CHARSET=utf8;

-- ----------------------------
-- Records of admin
-- ----------------------------
INSERT INTO `admin` VALUES ('1', 'root', 'root');

-- ----------------------------
-- Table structure for `category`
-- ----------------------------
DROP TABLE IF EXISTS `category`;
CREATE TABLE `category` (
  `category_id` int(11) NOT NULL auto_increment,
  `category_name` varchar(50) default NULL,
  PRIMARY KEY  (`category_id`)
) ENGINE=InnoDB DEFAULT CHARSET=utf8;

-- ----------------------------
-- Records of category
-- ----------------------------
INSERT INTO `category` VALUES ('1', '推荐');
INSERT INTO `category` VALUES ('2', '热点');
INSERT INTO `category` VALUES ('3', '图片');
INSERT INTO `category` VALUES ('4', '视频');
INSERT INTO `category` VALUES ('5', '文化');
INSERT INTO `category` VALUES ('6', '节日');
INSERT INTO `category` VALUES ('7', '旅游');
INSERT INTO `category` VALUES ('8', '美食');
INSERT INTO `category` VALUES ('9', '历史');
INSERT INTO `category` VALUES ('10', '经济');

-- ----------------------------
-- Table structure for `comment`
-- ----------------------------
DROP TABLE IF EXISTS `comment`;
CREATE TABLE `comment` (
  `comment_id` int(11) NOT NULL auto_increment,
  `video_id` int(11) default NULL,
  `pic_id` int(11) default NULL,
  `news_id` int(11) default NULL,
  `user_id` int(11) default NULL,
  `content` varchar(255) default NULL,
  `publish_time` timestamp NULL default NULL,
  `share_id` int(11) default NULL,
  PRIMARY KEY  (`comment_id`),
  KEY `comment_ref_news` (`news_id`),
  KEY `comment_ref_user` (`user_id`),
  KEY `comment_ref_picture` (`pic_id`),
  KEY `comment_ref_video` (`video_id`),
  KEY `comment_ref_share` (`share_id`),
  CONSTRAINT `comment_ref_news` FOREIGN KEY (`news_id`) REFERENCES `news` (`news_id`) ON DELETE CASCADE ON UPDATE CASCADE,
  CONSTRAINT `comment_ref_picture` FOREIGN KEY (`pic_id`) REFERENCES `picture` (`pic_id`) ON DELETE CASCADE ON UPDATE CASCADE,
  CONSTRAINT `comment_ref_share` FOREIGN KEY (`share_id`) REFERENCES `share` (`share_id`) ON DELETE CASCADE ON UPDATE CASCADE,
  CONSTRAINT `comment_ref_user` FOREIGN KEY (`user_id`) REFERENCES `user` (`uid`) ON DELETE CASCADE ON UPDATE CASCADE,
  CONSTRAINT `comment_ref_video` FOREIGN KEY (`video_id`) REFERENCES `video` (`video_id`) ON DELETE CASCADE ON UPDATE CASCADE
) ENGINE=InnoDB DEFAULT CHARSET=utf8;

-- ----------------------------
-- Records of comment
-- ----------------------------
INSERT INTO `comment` VALUES ('82', null, null, null, '23', '巴拉巴拉，这是测试', '2017-06-07 19:28:34', '3');
INSERT INTO `comment` VALUES ('85', null, null, null, '23', '巴拉巴拉', '2017-06-07 20:18:55', '4');
INSERT INTO `comment` VALUES ('86', null, null, null, '23', '巴拉巴拉', '2017-06-07 20:20:52', '3');
INSERT INTO `comment` VALUES ('87', null, null, null, '23', '第二次回复', '2017-06-07 20:26:10', '4');
INSERT INTO `comment` VALUES ('88', null, null, '49', '4', '巴拉巴拉哪啦', '2017-06-07 20:50:03', null);
INSERT INTO `comment` VALUES ('89', null, null, '49', '4', '巴拉巴拉', '2017-06-07 20:53:44', null);
INSERT INTO `comment` VALUES ('90', null, null, null, '2', '测试回复', '2017-06-08 00:32:21', '9');
INSERT INTO `comment` VALUES ('91', null, null, '60', '11', '巴拉拉巴', '2017-06-08 09:05:38', null);
INSERT INTO `comment` VALUES ('92', null, null, '79', '23', '芭芭拉', '2017-06-08 09:12:28', null);

-- ----------------------------
-- Table structure for `comment_level_2`
-- ----------------------------
DROP TABLE IF EXISTS `comment_level_2`;
CREATE TABLE `comment_level_2` (
  `scid` int(11) NOT NULL auto_increment,
  `content` varchar(255) default NULL,
  `publishtime` timestamp NULL default NULL,
  `comment_id` int(11) default NULL,
  `user_id` int(11) default NULL,
  `up_id` int(11) default NULL,
  PRIMARY KEY  (`scid`),
  KEY `sc_ref_comment` (`comment_id`),
  KEY `sc_ref_user` (`user_id`),
  KEY `sc_ref_up` (`up_id`),
  CONSTRAINT `sc_ref_comment` FOREIGN KEY (`comment_id`) REFERENCES `comment` (`comment_id`) ON DELETE CASCADE ON UPDATE CASCADE,
  CONSTRAINT `sc_ref_user` FOREIGN KEY (`user_id`) REFERENCES `user` (`uid`) ON DELETE CASCADE ON UPDATE CASCADE
) ENGINE=InnoDB DEFAULT CHARSET=utf8;

-- ----------------------------
-- Records of comment_level_2
-- ----------------------------
INSERT INTO `comment_level_2` VALUES ('1', '测试二级回复', '2017-06-07 20:19:12', '85', '23', null);
INSERT INTO `comment_level_2` VALUES ('2', '测试二级回复', '2017-06-07 20:19:26', '82', '23', null);
INSERT INTO `comment_level_2` VALUES ('3', '测试二级回复', '2017-06-07 20:21:03', '86', '23', null);
INSERT INTO `comment_level_2` VALUES ('4', '民大新闻 回复@民大新闻//测试三级回复', '2017-06-07 20:21:45', '82', '23', null);
INSERT INTO `comment_level_2` VALUES ('5', '民大新闻 回复@民大新闻//测试四级回复', '2017-06-07 20:23:30', null, '23', null);
INSERT INTO `comment_level_2` VALUES ('6', '测试第二条回复', '2017-06-08 00:32:37', '90', '2', null);
INSERT INTO `comment_level_2` VALUES ('7', '二级回复巴拉巴拉', '2017-06-08 09:05:44', '91', '11', null);
INSERT INTO `comment_level_2` VALUES ('8', '八宝', '2017-06-08 09:12:45', '92', '23', null);
INSERT INTO `comment_level_2` VALUES ('9', '把老板了', '2017-06-08 09:16:36', '91', '23', null);
INSERT INTO `comment_level_2` VALUES ('10', '巴宝莉吧', '2017-06-08 09:18:24', '92', '23', null);
INSERT INTO `comment_level_2` VALUES ('11', '巴拉巴拉吧', '2017-06-08 09:18:33', '92', '23', null);
INSERT INTO `comment_level_2` VALUES ('12', '巴啦啦小魔仙 回复@巴啦啦小魔仙//测试三级回复', '2017-06-12 14:19:30', '90', '2', null);

-- ----------------------------
-- Table structure for `focus`
-- ----------------------------
DROP TABLE IF EXISTS `focus`;
CREATE TABLE `focus` (
  `fid` int(11) NOT NULL auto_increment,
  `user_id` int(11) NOT NULL,
  `focus_user_id` int(11) NOT NULL,
  PRIMARY KEY  (`fid`),
  KEY `focus_ref_user` (`user_id`),
  KEY `focus_ref_userfocus` (`focus_user_id`),
  CONSTRAINT `focus_ref_user` FOREIGN KEY (`user_id`) REFERENCES `user` (`uid`) ON DELETE CASCADE ON UPDATE CASCADE,
  CONSTRAINT `focus_ref_userfocus` FOREIGN KEY (`focus_user_id`) REFERENCES `user` (`uid`) ON DELETE CASCADE ON UPDATE CASCADE
) ENGINE=InnoDB DEFAULT CHARSET=utf8;

-- ----------------------------
-- Records of focus
-- ----------------------------
INSERT INTO `focus` VALUES ('2', '2', '1');
INSERT INTO `focus` VALUES ('6', '2', '4');
INSERT INTO `focus` VALUES ('7', '3', '2');
INSERT INTO `focus` VALUES ('8', '1', '2');
INSERT INTO `focus` VALUES ('9', '14', '1');
INSERT INTO `focus` VALUES ('12', '10', '1');
INSERT INTO `focus` VALUES ('13', '2', '14');
INSERT INTO `focus` VALUES ('14', '2', '23');

-- ----------------------------
-- Table structure for `news`
-- ----------------------------
DROP TABLE IF EXISTS `news`;
CREATE TABLE `news` (
  `news_id` int(11) NOT NULL auto_increment,
  `editor_id` int(11) NOT NULL,
  `publish_time` timestamp NULL default NULL,
  `title` varchar(50) default NULL,
  `content` longtext,
  `keyword` varchar(100) default NULL,
  `category_id` int(11) NOT NULL,
  PRIMARY KEY  (`news_id`),
  KEY `news_ref_user` (`editor_id`),
  KEY `news_ref_category` (`category_id`),
  CONSTRAINT `news_ref_category` FOREIGN KEY (`category_id`) REFERENCES `category` (`category_id`) ON DELETE CASCADE ON UPDATE CASCADE,
  CONSTRAINT `news_ref_user` FOREIGN KEY (`editor_id`) REFERENCES `user` (`uid`) ON DELETE CASCADE ON UPDATE CASCADE
) ENGINE=InnoDB DEFAULT CHARSET=utf8;

-- ----------------------------
-- Records of news
-- ----------------------------
INSERT INTO `news` VALUES ('41', '1', '2017-06-07 11:19:33', '锐参考｜连日本都怕了！面对“萨德”，普京终于放出了一个“大招”', '<p>这一次，为对付“萨德”，普京打算“放大招”了。</p><p>“我们应该做什么？只是无力地看着这一切？不，不会那样。我们会以相应方式做出回应。”5天前的6月1日，俄罗斯总统普京在圣彼得堡表示，俄不会对美国反导系统的发展壮大冷眼旁观，不会无视“萨德”系统出现在韩国。</p><p><br/></p><p style=\"text-align: center;\"><img src=\"http://localhost:8080/news/upload/image/news/20170607/1496805245849045007.jpg\" title=\"1496805245849045007.jpg\" alt=\"244d000e36a8e533e811.jpg\"/></p><p>6月1日，普京出席圣彼得堡国际经济论坛的活动。</p><p><br/></p><p>为此，普京提出了一个应对方案。他说，俄要保障自身安全，消除在远东出现的威胁，而南千岛群岛（日本称“北方四岛”）是“很适宜加强军事部署的地方”。</p><p>俄罗斯为应对“萨德”要在南千岛群岛上加强军力？消息一出，立即让日韩媒体格外紧张。</p><p><br/></p><p><strong>“点名”美日韩，普京强硬反“萨德”</strong></p><p><strong><br/></strong></p><p>据俄罗斯卫星通讯社网站6月1日报道，普京当天是在圣彼得堡国际经济论坛期间，会见参加论坛的10家国际主要通讯社负责人时做出这番表态的。</p><p>而这些国际通讯社负责人中，就包括了日本共同社的常务理事近藤顺夫。</p><p style=\"text-align: center;\"><img src=\"http://localhost:8080/news/upload/image/news/20170607/1496805343910053867.jpg\" title=\"1496805343910053867.jpg\" alt=\"244b000e41620f7bc571.jpg\"/></p><p>&nbsp;6月1日，普京（右四）会见参加圣彼得堡国际经济论坛的10家国际主要通讯社负责人。</p><p>近年来，日本首相安倍一直在对俄外交方面十分卖力，目的就是在日方最为关心的岛屿争端问题上取得突破。今年4月底，安倍到访俄罗斯时，还在力争以经济合作推动解决北方四岛问题。</p><p><img src=\"http://localhost:8080/news/upload/image/news/20170607/1496805409829003011.jpg\" title=\"1496805409829003011.jpg\"/></p><p>4月27日，安倍和普京在克里姆林宫会晤。</p><p>其实在1日的活动上，普京对“萨德”的“狠话”不仅是说给日本听的。</p><p>他说：莫斯科对美国在韩部署“萨德”组件、计划加强位于阿拉斯加的反导拦截弹发射基地感到“警觉”。</p><p><img src=\"http://localhost:8080/news/upload/image/news/20170607/1496805409917005429.jpg\" title=\"1496805409917005429.jpg\"/></p><p>俄罗斯卫星通讯社网站报道截图</p><p>在普京看来，朝核问题只是美国部署反导系统的一个“借口”：“即便明天朝鲜宣布它将停止其所有核试验和导弹计划，美国也会以其他某种借口来继续建设导弹防御系统，或是根本无需任何借口，就像目前在欧洲所做的那样。我们当然应对此加以注意。”</p><p>普京还强调，俄方的军事活动“都是应对区域局势被迫采取的措施”，因为美国的相关行动“破坏全球战略平衡”。</p><p>对此，韩联社评论说：“普京在出席经济论坛这样的国际场合，对美国在韩部署‘萨德’以及扩建其全球反导体系进行警告，足见俄强硬的反‘萨德’立场”。</p><p>日本媒体忧：北方四岛“<strong>很难</strong>要回来了”</p><p>事实上，俄罗斯政要近期就“萨德”问题的表态不止这一次。</p><p>上月24日，普京在克里姆林宫接见韩国总统特使宋永吉时，就主动提到，“萨德”无法防御朝鲜远程火炮，军事效用有限，单凭军事手段无法解决问题。</p><p><img src=\"http://localhost:8080/news/upload/image/news/20170607/1496805409863074949.jpg\" title=\"1496805409863074949.jpg\"/></p><p>韩国总统特使宋永吉（中）拜会俄罗斯总统普京。</p><p>而到了上周日（6月4日），在新加坡举行的第16届香格里拉对话会的全体会议上，俄罗斯副防长亚历山大·福明更直截了当地表示，“萨德”是对俄罗斯的“威胁”。</p><p>福明称，令俄罗斯担忧的不只是在韩国的“萨德”，还有在日本的反导体系。据报道，日本也计划加强其导弹防御系统，还表示这一行动将更加靠近俄罗斯边境和俄日争议岛屿。他说：“我们无疑将分析这一局势并考虑可能的反制措施。”</p><p>其实去年11月，俄罗斯已在南千岛群岛的国后岛和择捉岛上分别部署了岸基导弹系统“舞会”和“棱堡”。二者均属俄军先进的机动式岸防导弹系统，能在敌舰无法预知的方向及舰载雷达探测范围外发起远程精确打击，之后能在短时间内迅速转移阵地，并做好二次攻击准备。</p><p><img src=\"http://localhost:8080/news/upload/image/news/20170607/1496805409886081188.jpg\" title=\"1496805409886081188.jpg\"/></p><p><br/></p><p><br/></p><p>资料图片：2015年8月25日，在俄罗斯莫斯科茹科夫斯基城举行的2015国际航空航天展上展出的“舞会”导弹系统。</p><p>普京6月1日明确告诉日本共同社的常务理事近藤顺夫，如果要在南千岛群岛去军事化，首先要缓解整个地区的紧张形势。在他看来，如果南千岛群岛划给日本，根据日美协议，理论上美国有向南千岛群岛驻军的可能性，“这对俄罗斯来说是绝对不可接受的”。</p><p>对普京的最新表态，日本媒体反响强烈。《朝日新闻》注意到，这是普京首次公开表示对美国在南千岛群岛部署军队的担忧，“日本原打算将群岛的共同经济活动作为领土交涉的突破口，没想到出现了安保问题这个关键障碍”。</p><p>日本共同社则认为，糟糕的美俄关系阻碍了日俄领土谈判的进展，“很显然尽管首相安倍着手实现在北方四岛的共同经济活动，拼命想要推动领土问题取得进展，然而普京显然是将《日美安保条约》视为问题的根本所在。”</p><p>日本共同社网站报道截图</p><p>6月2日，日本内阁官房长官菅义伟回应称，日俄首脑会就领土问题举行建设性的讨论，他不会一一就普京的发言回答。但在《朝日新闻》看来，这是日本政府表示要“静观其变”。</p><p>不过，美国合众国际社则认为，普京这番话显然让日本政府感到紧张。原本，安倍今年4月已与普京就派遣经济调查团赴北方四岛达成一致，最早或于5月内派遣由官民组成的现地调查团。而最新的消息是，该调查团已被推迟到6月。</p><p><strong>“俄罗斯对‘萨德’的态度确实发生了转变”</strong></p><p>“为什么中国和俄罗斯都继续反对‘萨德’？”6月4日，美国《外交学者》杂志网站发出了如是提问。</p><p><img src=\"http://localhost:8080/news/upload/image/news/20170607/1496805409818094384.jpg\" title=\"1496805409818094384.jpg\"/></p><p>《外交学者》杂志网站截图</p><p>接受<strong>参考消息网-锐参考</strong>采访时，新华社世界问题研究中心研究员盛世良表示，从最近俄罗斯方面的言行来看，俄罗斯对“萨德”的态度确实发生了转变。</p><p>“在‘萨德’问题上，俄罗斯原先的态度是支持中国的立场，但认为对俄罗斯影响不大。因为俄罗斯的战略核导弹都部署在贝加尔湖以西，‘萨德’探测不到。其次，俄罗斯支持中国的立场，是为了在反对美国在欧洲部署反导系统的问题上，获得中国的支持。这是俄罗斯此前对于‘萨德’问题主要的考虑。”盛世良说。</p><p><img src=\"http://localhost:8080/news/upload/image/news/20170607/1496805409899080792.jpg\" title=\"1496805409899080792.jpg\"/></p><p>资料图片：“萨德”雷达覆盖中、俄、蒙古等国。</p><p>“但现在，俄罗斯更多考虑的是‘萨德’对于俄在远东的军事部署也有威胁。”盛世良对<strong>锐参考</strong>表示，因为俄罗斯在近期，尤其是今年将加强在远东的反导系统的部署，包括S-400防空导弹系统，和在南千岛群岛部署导弹“舞会”和“棱堡”系统。</p><p>正是出于上述变化，盛世良认为，俄罗斯现在对“萨德”问题的立场比原先更坚决。他同时也表示，虽然这种转变主要是出于俄罗斯自身的利益，但客观上这对中国有利。</p><p>《日本时报》网站分析称，从2014年至今，美国领导下的西方对俄制裁，反而加速了俄罗斯不断扩大其地缘政治棋盘的布局。尽管俄罗斯经济低迷，普京作为一个高超的地缘政治棋手，却在不断扩大影响力范围。</p><p>《日本时报》网站文章截图</p><p>而对于地缘政治博弈中日本的角色，日方显然还没完全想清楚。</p><p>“日本是否仍要扮演美国的地缘政治工具？为此东京将继续付出代价。”日本在线杂志《现代东京时报》刊文警告称，既然普京已经把话挑明，南千岛群岛是在远东制衡美国的理想之地，那么日本的处境已经不只是“尴尬”了。</p><p>（编辑/谢来 实习生 金志林）</p><p><br/></p>', '国际先驱导报', '2');
INSERT INTO `news` VALUES ('43', '21', '2017-06-07 14:24:26', '武汉应对暑运高峰新开8条航线 方便游客出行', '<p class=\"titdd-Article\" style=\"margin-top: -20px; margin-bottom: 29px; padding: 12px 18px 10px; line-height: 28px; background: rgb(243, 243, 243); font-size: 14px; font-family: 宋体, Arial, sans-serif; white-space: normal;\">记者从湖北省相关部门获悉，今年暑假期间，武汉天河机场将新开8条航线、加密7条航线，方便市民前往国内外游玩。</p><p style=\"margin-top: 0px; margin-bottom: 29px; padding: 0px; line-height: 28px; font-family: 宋体, Arial, sans-serif; font-size: 15.9996px; white-space: normal; background-color: rgb(255, 255, 255);\">　　记者从湖北省相关部门获悉，今年暑假期间，武汉天河机场将新开8条航线、加密7条航线，方便市民前往国内外游玩。</p><p style=\"margin-top: 0px; margin-bottom: 29px; padding: 0px; line-height: 28px; font-family: 宋体, Arial, sans-serif; font-size: 15.9996px; white-space: normal; background-color: rgb(255, 255, 255);\">　　据了解，新开航线分别为东航、国航武汉-呼和浩特-锡林浩特（往返）各一条，预计首航在7月，天津航空武汉-长滩岛（往返），预计首航在7月上旬；另外5条新开航线均为国际航线，分别为捷星太平洋航空新开武汉-胡志明（往返）、武汉-岘港（往返）、武汉-芽庄（往返），首航在7月上旬；越南越捷航空新开武汉-胡志明（往返）、武汉-岘港（往返），首航在6月底。</p><p style=\"margin-top: 0px; margin-bottom: 29px; padding: 0px; line-height: 28px; font-family: 宋体, Arial, sans-serif; font-size: 15.9996px; white-space: normal; background-color: rgb(255, 255, 255); text-align: center;\"><img src=\"http://localhost:8080/news/upload/image/news/20170607/1496816652774039033.jpg\" title=\"1496816652774039033.jpg\" alt=\"u=134976432,3215412822&amp;fm=23&amp;gp=0.jpg\"/></p><p style=\"margin-top: 0px; margin-bottom: 29px; padding: 0px; line-height: 28px; font-family: 宋体, Arial, sans-serif; font-size: 15.9996px; white-space: normal; background-color: rgb(255, 255, 255);\">　　加密的7条航线为泰国狮航武汉-曼谷、南航武汉-曼谷、马来西亚航空武汉-吉隆坡、南航武汉-汕头、武汉-哈尔滨、武汉-海拉尔、武汉-满洲里，首航时间均为6月底至7月初。</p><p style=\"margin-top: 0px; margin-bottom: 29px; padding: 0px; line-height: 28px; font-family: 宋体, Arial, sans-serif; font-size: 15.9996px; white-space: normal; background-color: rgb(255, 255, 255);\">　　今年1-4月份，湖北机场集团完成旅客吞吐量815.06万人次，同比增长13.6%；其中天河机场完成旅客吞吐量759.88万人次，同比增长12.6%，武汉机场旅客吞吐总量暂居中部第一。</p><p><br/></p>', '武汉 旅游', '7');
INSERT INTO `news` VALUES ('44', '21', '2017-06-07 14:30:23', '全世界对华最铁国家曝光！打死美也不信', '<p class=\"titdd-Article\" style=\"margin-top: -20px; margin-bottom: 29px; padding: 12px 18px 10px; line-height: 28px; background: rgb(243, 243, 243); font-size: 14px; font-family: 宋体, Arial, sans-serif; white-space: normal;\"><span style=\"color: rgb(34, 34, 34); font-family: &quot;PingFang SC&quot;, &quot;Hiragino Sans GB&quot;, &quot;Microsoft YaHei&quot;, &quot;WenQuanYi Micro Hei&quot;, &quot;Helvetica Neue&quot;, Arial, sans-serif; background-color: rgb(255, 255, 255);\">近年来，随着国民经济水平的提高，越来越多的国人开始踏出国门，选择出国旅游。出国旅游固然没什么好说的，然而，作为中国的一份子，我还是想说一句，对于有些伤害我们民族感情的国家，为什么还要到那里去消费呢？况且一次又一次的事实证明，许多去那里旅游的人，生命安全都得不到保障。难道他们那里的景点就是世界上最好的，非去不可？</span></p><p class=\"titdd-Article\" style=\"margin-top: -20px; margin-bottom: 29px; padding: 12px 18px 10px; line-height: 28px; background: rgb(243, 243, 243); font-size: 14px; font-family: 宋体, Arial, sans-serif; white-space: normal; text-align: center;\"><img src=\"http://localhost:8080/news/upload/image/news/20170607/1496816839562012841.jpg\" title=\"1496816839562012841.jpg\" alt=\"243200001b75fba9b40b.jpg\"/></p><p style=\"margin-top: 0px; margin-bottom: 29px; padding: 0px; line-height: 28px; font-family: 宋体, Arial, sans-serif; font-size: 15.9996px; white-space: normal; background-color: rgb(255, 255, 255);\">　　<span style=\"color: rgb(34, 34, 34); font-family: &quot;PingFang SC&quot;, &quot;Hiragino Sans GB&quot;, &quot;Microsoft YaHei&quot;, &quot;WenQuanYi Micro Hei&quot;, &quot;Helvetica Neue&quot;, Arial, sans-serif; background-color: rgb(255, 255, 255);\">其实，如果想出国旅游，我想给朋友们推荐这样一个国家，这个国家，把对中国友好写进法律;把中国的国旗印到本国硬币上;把中国领导人的照片贴遍大街小巷；甚至在边境都不对中国设防…有人会问，这样的国家存在吗?当然存在，这个国家就是我们所熟知的巴铁——巴基斯坦!</span></p><p style=\"margin-top: 0px; margin-bottom: 29px; padding: 0px; line-height: 28px; font-family: 宋体, Arial, sans-serif; font-size: 15.9996px; white-space: normal; background-color: rgb(255, 255, 255);\"><span style=\"color: rgb(34, 34, 34); font-family: &quot;PingFang SC&quot;, &quot;Hiragino Sans GB&quot;, &quot;Microsoft YaHei&quot;, &quot;WenQuanYi Micro Hei&quot;, &quot;Helvetica Neue&quot;, Arial, sans-serif; background-color: rgb(255, 255, 255);\"></span></p><p><br/></p><p style=\"text-align: center;\"><img src=\"http://localhost:8080/news/upload/image/news/20170607/1496816979924055354.jpg\" title=\"1496816979924055354.jpg\"/></p><p style=\"margin-top: 0px; margin-bottom: 29px; padding: 0px; line-height: 28px; font-family: 宋体, Arial, sans-serif; font-size: 15.9996px; white-space: normal; background-color: rgb(255, 255, 255);\"><span style=\"color: rgb(34, 34, 34); font-family: &quot;PingFang SC&quot;, &quot;Hiragino Sans GB&quot;, &quot;Microsoft YaHei&quot;, &quot;WenQuanYi Micro Hei&quot;, &quot;Helvetica Neue&quot;, Arial, sans-serif; background-color: rgb(255, 255, 255);\"><br/></span><br/></p><p style=\"margin-top: 0px; margin-bottom: 29px; padding: 0px; line-height: 28px; font-family: 宋体, Arial, sans-serif; font-size: 15.9996px; white-space: normal; background-color: rgb(255, 255, 255);\"><span style=\"color: rgb(34, 34, 34); font-family: &quot;PingFang SC&quot;, &quot;Hiragino Sans GB&quot;, &quot;Microsoft YaHei&quot;, &quot;WenQuanYi Micro Hei&quot;, &quot;Helvetica Neue&quot;, Arial, sans-serif; background-color: rgb(255, 255, 255);\">可以说全世界最欢迎中国人的国家，就是巴铁。在巴铁，只有两种旅游场所，一种是西方人禁入区;另一种是持中国护照的VIP通道，在这里旅游，堪称是中国人的天堂。在这里，有一项你想象不到的法律，叫“破坏中巴友谊罪”。</span></p><p style=\"margin-top: 16px; margin-bottom: 16px; padding: 0px; color: rgb(34, 34, 34); font-family: &quot;PingFang SC&quot;, &quot;Hiragino Sans GB&quot;, &quot;Microsoft YaHei&quot;, &quot;WenQuanYi Micro Hei&quot;, &quot;Helvetica Neue&quot;, Arial, sans-serif; white-space: normal; background-color: rgb(255, 255, 255);\">巴基斯坦欢迎队伍人群手中握着的是“六星红旗”多出来的一颗星是巴基斯坦。</p><p style=\"margin-top: 16px; margin-bottom: 16px; padding: 0px; color: rgb(34, 34, 34); font-family: &quot;PingFang SC&quot;, &quot;Hiragino Sans GB&quot;, &quot;Microsoft YaHei&quot;, &quot;WenQuanYi Micro Hei&quot;, &quot;Helvetica Neue&quot;, Arial, sans-serif; white-space: normal; background-color: rgb(255, 255, 255);\"><br/></p><p style=\"margin-top: 16px; margin-bottom: 16px; padding: 0px; color: rgb(34, 34, 34); font-family: &quot;PingFang SC&quot;, &quot;Hiragino Sans GB&quot;, &quot;Microsoft YaHei&quot;, &quot;WenQuanYi Micro Hei&quot;, &quot;Helvetica Neue&quot;, Arial, sans-serif; white-space: normal; background-color: rgb(255, 255, 255); text-align: center;\"><img src=\"http://localhost:8080/news/upload/image/news/20170607/1496816979919078868.jpg\" title=\"1496816979919078868.jpg\"/></p><p style=\"margin-top: 16px; margin-bottom: 16px; padding: 0px; color: rgb(34, 34, 34); font-family: &quot;PingFang SC&quot;, &quot;Hiragino Sans GB&quot;, &quot;Microsoft YaHei&quot;, &quot;WenQuanYi Micro Hei&quot;, &quot;Helvetica Neue&quot;, Arial, sans-serif; white-space: normal; background-color: rgb(255, 255, 255);\">在这里，中国人可以获得免费的参观旅游资格，人身安全更是得到最全力的保护。但这并不是因为中国现如今越来越强大了，巴铁就开始讨好我们，中巴可是患难之交。在新中国成立不久后，巴铁就是少数几个承认中国独立的国家之一，那时的中国可真是一穷二白。在那个年代，即使有着他国的威胁，巴铁也是继续保持着同中国的密切联系。</p><p><span style=\"color: rgb(34, 34, 34); font-family: &quot;PingFang SC&quot;, &quot;Hiragino Sans GB&quot;, &quot;Microsoft YaHei&quot;, &quot;WenQuanYi Micro Hei&quot;, &quot;Helvetica Neue&quot;, Arial, sans-serif; background-color: rgb(255, 255, 255);\">2008年5月12日，汶川地震爆发，天灾无情，人间有爱，巴铁在第一时间将全国的赈灾帐篷都运给了中国，为了多装些物资，救援人员甚至将飞机座椅全部拆除，硬是挤在狭小的过道里。他们的总统更是表态，“中国兄弟需要什么东西，我们就提供什么东西。”经济并不发达的巴铁始终不肯接受中国的资金，“这些帐篷是救灾用的，是我们的心意，这些援助是不能用金钱来衡量的。”巴铁的兄弟这样说。</span></p><p><span style=\"color: rgb(34, 34, 34); font-family: &quot;PingFang SC&quot;, &quot;Hiragino Sans GB&quot;, &quot;Microsoft YaHei&quot;, &quot;WenQuanYi Micro Hei&quot;, &quot;Helvetica Neue&quot;, Arial, sans-serif; background-color: rgb(255, 255, 255);\">所以，相对于把钱浪费在某些吃里扒外的国家，我更建议国人们如果想出去旅游的话，巴基斯坦是一个不错的选择。巴基斯坦是一个美丽的国度，大部分地区为热带亚热带气候，著名景点包括伊斯兰堡、卡拉奇、拉合尔、白沙瓦、罕萨河谷、费萨尔国王清真寺等等。</span></p>', '武汉 旅游', '7');
INSERT INTO `news` VALUES ('48', '14', '2017-06-07 15:36:12', '为什么许多中国人喜好去泰国,而不去三亚？', '<p style=\"white-space: normal;\"><span style=\"color: rgb(51, 51, 51); font-family: &quot;PingFang SC&quot;, &quot;Hiragino Sans GB&quot;, &quot;Microsoft YaHei&quot;, &quot;WenQuanYi Micro Hei&quot;, &quot;Helvetica Neue&quot;, Arial, sans-serif; background-color: rgb(255, 255, 255);\">在三亚亚龙湾希尔顿酒店工作过半年，三亚这个城市，漂亮的海滩很多，比如亚龙湾、海棠湾，沙质细腻，海滩绵长，海水清澈，这些海滩基本都被五星酒店霸占，酒店淡季一晚价格基本一千左右，非常好的国际五星比如丽思卡尔顿一晚两千多，注意这是淡季的价格。旺季贵几百到一千。酒店都有自己的私人沙滩。</span></p><p style=\"white-space: normal; text-align: center;\"><img src=\"http://localhost:8080/news/upload/image/news/20170607/1496820899278038363.jpg\" title=\"1496820899278038363.jpg\" alt=\"216c00290065558b4da8.jpg\"/></p><p style=\"margin-top: 0px; margin-bottom: 20px; white-space: normal; padding: 0px; line-height: 28px; word-wrap: break-word; color: rgb(51, 51, 51); font-family: &quot;PingFang SC&quot;, &quot;Hiragino Sans GB&quot;, &quot;Microsoft YaHei&quot;, &quot;WenQuanYi Micro Hei&quot;, &quot;Helvetica Neue&quot;, Arial, sans-serif; background-color: rgb(255, 255, 255);\">三亚美食多，海南鸡饭、烧烤、清补凉，这些价格都不贵。</p><p style=\"margin-top: 0px; margin-bottom: 20px; white-space: normal; padding: 0px; line-height: 28px; word-wrap: break-word; color: rgb(51, 51, 51); font-family: &quot;PingFang SC&quot;, &quot;Hiragino Sans GB&quot;, &quot;Microsoft YaHei&quot;, &quot;WenQuanYi Micro Hei&quot;, &quot;Helvetica Neue&quot;, Arial, sans-serif; background-color: rgb(255, 255, 255);\">吃海鲜的话听说有的店会宰客。</p><p style=\"margin-top: 0px; margin-bottom: 20px; white-space: normal; padding: 0px; line-height: 28px; word-wrap: break-word; color: rgb(51, 51, 51); font-family: &quot;PingFang SC&quot;, &quot;Hiragino Sans GB&quot;, &quot;Microsoft YaHei&quot;, &quot;WenQuanYi Micro Hei&quot;, &quot;Helvetica Neue&quot;, Arial, sans-serif; background-color: rgb(255, 255, 255);\">三亚市中心只有一条街可逛，也没有多少特色。不过海滩裙子比在国内买便宜，约50到100块一条。</p><p style=\"margin-top: 0px; margin-bottom: 20px; white-space: normal; padding: 0px; line-height: 28px; word-wrap: break-word; color: rgb(51, 51, 51); font-family: &quot;PingFang SC&quot;, &quot;Hiragino Sans GB&quot;, &quot;Microsoft YaHei&quot;, &quot;WenQuanYi Micro Hei&quot;, &quot;Helvetica Neue&quot;, Arial, sans-serif; background-color: rgb(255, 255, 255);\">三亚的景点门票贵，随便一个景点门票两百多。</p><p style=\"margin-top: 0px; margin-bottom: 20px; white-space: normal; padding: 0px; line-height: 28px; word-wrap: break-word; color: rgb(51, 51, 51); font-family: &quot;PingFang SC&quot;, &quot;Hiragino Sans GB&quot;, &quot;Microsoft YaHei&quot;, &quot;WenQuanYi Micro Hei&quot;, &quot;Helvetica Neue&quot;, Arial, sans-serif; background-color: rgb(255, 255, 255);\">机票也不便宜，往返至少一千多。</p><p style=\"text-align: center;\"><img src=\"http://localhost:8080/news/upload/image/news/20170607/1496820942273043137.jpg\" title=\"1496820942273043137.jpg\"/></p><p><br/></p><p style=\"margin-top: 0px; margin-bottom: 20px; white-space: normal; padding: 0px; line-height: 28px; word-wrap: break-word; color: rgb(51, 51, 51); font-family: &quot;PingFang SC&quot;, &quot;Hiragino Sans GB&quot;, &quot;Microsoft YaHei&quot;, &quot;WenQuanYi Micro Hei&quot;, &quot;Helvetica Neue&quot;, Arial, sans-serif; background-color: rgb(255, 255, 255); text-align: center;\"><br/></p><p style=\"margin-top: 0px; margin-bottom: 20px; white-space: normal; padding: 0px; line-height: 28px; word-wrap: break-word; color: rgb(51, 51, 51); font-family: &quot;PingFang SC&quot;, &quot;Hiragino Sans GB&quot;, &quot;Microsoft YaHei&quot;, &quot;WenQuanYi Micro Hei&quot;, &quot;Helvetica Neue&quot;, Arial, sans-serif; background-color: rgb(255, 255, 255);\">总体来说，三亚确实是国内不错的旅游地，空气、海滩、绿化，都很棒。有很多俄罗斯人来这里度假。</p><p style=\"margin-top: 0px; margin-bottom: 20px; white-space: normal; padding: 0px; line-height: 28px; word-wrap: break-word; color: rgb(51, 51, 51); font-family: &quot;PingFang SC&quot;, &quot;Hiragino Sans GB&quot;, &quot;Microsoft YaHei&quot;, &quot;WenQuanYi Micro Hei&quot;, &quot;Helvetica Neue&quot;, Arial, sans-serif; background-color: rgb(255, 255, 255);\">平民海滩比如大东海、三亚湾，沙滩和水质就差很多，当然附近的酒店也便宜，一晚几百块，体验要差一些，因为是公共海滩。</p><p style=\"margin-top: 0px; margin-bottom: 20px; white-space: normal; padding: 0px; line-height: 28px; word-wrap: break-word; color: rgb(51, 51, 51); font-family: &quot;PingFang SC&quot;, &quot;Hiragino Sans GB&quot;, &quot;Microsoft YaHei&quot;, &quot;WenQuanYi Micro Hei&quot;, &quot;Helvetica Neue&quot;, Arial, sans-serif; background-color: rgb(255, 255, 255);\">但是三亚跟泰国比，立马见高低。</p><p style=\"margin-top: 0px; margin-bottom: 20px; white-space: normal; padding: 0px; line-height: 28px; word-wrap: break-word; color: rgb(51, 51, 51); font-family: &quot;PingFang SC&quot;, &quot;Hiragino Sans GB&quot;, &quot;Microsoft YaHei&quot;, &quot;WenQuanYi Micro Hei&quot;, &quot;Helvetica Neue&quot;, Arial, sans-serif; background-color: rgb(255, 255, 255);\">为什么呢，为什么国人都选择去泰国而不去三亚？</p><p style=\"margin-top: 0px; margin-bottom: 20px; white-space: normal; padding: 0px; line-height: 28px; word-wrap: break-word; color: rgb(51, 51, 51); font-family: &quot;PingFang SC&quot;, &quot;Hiragino Sans GB&quot;, &quot;Microsoft YaHei&quot;, &quot;WenQuanYi Micro Hei&quot;, &quot;Helvetica Neue&quot;, Arial, sans-serif; background-color: rgb(255, 255, 255);\">我去的是泰国清迈，总结出大概是这几个原因。</p><p style=\"text-align:center\"><img src=\"http://localhost:8080/news/upload/image/news/20170607/1496820942297036798.jpg\" title=\"1496820942297036798.jpg\"/></p><p style=\"margin-top: 0px; margin-bottom: 20px; white-space: normal; padding: 0px; line-height: 28px; word-wrap: break-word; color: rgb(51, 51, 51); font-family: &quot;PingFang SC&quot;, &quot;Hiragino Sans GB&quot;, &quot;Microsoft YaHei&quot;, &quot;WenQuanYi Micro Hei&quot;, &quot;Helvetica Neue&quot;, Arial, sans-serif; background-color: rgb(255, 255, 255);\"><span style=\"line-height: 28px; font-weight: bold;\">第一，泰国的旅游资源比三亚丰富很多</span>，泰国有好几个漂亮的海岛，比如普吉岛、甲米岛，有曼谷，有清迈小清新，有金三角，有芭提雅看人妖，各有各的特色。<br/></p><p style=\"margin-top: 0px; margin-bottom: 20px; white-space: normal; padding: 0px; line-height: 28px; word-wrap: break-word; color: rgb(51, 51, 51); font-family: &quot;PingFang SC&quot;, &quot;Hiragino Sans GB&quot;, &quot;Microsoft YaHei&quot;, &quot;WenQuanYi Micro Hei&quot;, &quot;Helvetica Neue&quot;, Arial, sans-serif; background-color: rgb(255, 255, 255);\"><span style=\"line-height: 28px; font-weight: bold;\">第二，泰国人非常友善。</span>从我飞机下地、过海关到跟当地人沟通，都明显感受到这种友善。有一次我们包车去山上，在一个寺庙停留了两个多小时，山上还有很多游客需要交通，但是司机还是在那里一直等着我们，不会去接私单，这在国内基本是不可能的。我们给他的钱也不多，还砍了他四百泰铢，确实深受感触。</p><p style=\"margin-top: 0px; margin-bottom: 20px; white-space: normal; padding: 0px; line-height: 28px; word-wrap: break-word; color: rgb(51, 51, 51); font-family: &quot;PingFang SC&quot;, &quot;Hiragino Sans GB&quot;, &quot;Microsoft YaHei&quot;, &quot;WenQuanYi Micro Hei&quot;, &quot;Helvetica Neue&quot;, Arial, sans-serif; background-color: rgb(255, 255, 255);\"><span style=\"line-height: 28px; font-weight: bold;\">第三，泰国消费很便宜。</span>我们去夜市逛，100泰铢就能买条裙子，这是什么概念，换算成人民币就20块钱一条，是不是比三亚更便宜？</p><p style=\"margin-top: 0px; margin-bottom: 20px; white-space: normal; padding: 0px; line-height: 28px; word-wrap: break-word; color: rgb(51, 51, 51); font-family: &quot;PingFang SC&quot;, &quot;Hiragino Sans GB&quot;, &quot;Microsoft YaHei&quot;, &quot;WenQuanYi Micro Hei&quot;, &quot;Helvetica Neue&quot;, Arial, sans-serif; background-color: rgb(255, 255, 255);\"><span style=\"line-height: 28px; font-weight: bold;\">第四，机票便宜，往返最低八百多就能买到机票。</span></p><p style=\"margin-top: 0px; margin-bottom: 20px; white-space: normal; padding: 0px; line-height: 28px; word-wrap: break-word; color: rgb(51, 51, 51); font-family: &quot;PingFang SC&quot;, &quot;Hiragino Sans GB&quot;, &quot;Microsoft YaHei&quot;, &quot;WenQuanYi Micro Hei&quot;, &quot;Helvetica Neue&quot;, Arial, sans-serif; background-color: rgb(255, 255, 255);\"><span style=\"line-height: 28px; font-weight: bold;\">第五，酒店。价格相差不大，只不过同样的价格在泰国的选择范围更宽。</span></p><p style=\"margin-top: 0px; margin-bottom: 20px; white-space: normal; padding: 0px; line-height: 28px; word-wrap: break-word; color: rgb(51, 51, 51); font-family: &quot;PingFang SC&quot;, &quot;Hiragino Sans GB&quot;, &quot;Microsoft YaHei&quot;, &quot;WenQuanYi Micro Hei&quot;, &quot;Helvetica Neue&quot;, Arial, sans-serif; background-color: rgb(255, 255, 255);\"><span style=\"line-height: 28px; font-weight: bold;\">第六，泰国门票便宜，清迈的寺庙基本都不收门票</span>，香火最旺的寺庙双龙寺门票只收30泰铢，合人民币6块钱。跟三亚动辄两百多的门票相比，真是小巫见大巫。</p><p style=\"margin-top: 0px; margin-bottom: 20px; white-space: normal; padding: 0px; line-height: 28px; word-wrap: break-word; color: rgb(51, 51, 51); font-family: &quot;PingFang SC&quot;, &quot;Hiragino Sans GB&quot;, &quot;Microsoft YaHei&quot;, &quot;WenQuanYi Micro Hei&quot;, &quot;Helvetica Neue&quot;, Arial, sans-serif; background-color: rgb(255, 255, 255);\"><span style=\"line-height: 28px; font-weight: bold;\">第六，异域风情。同等消费大家自然更愿意选择国外，有种新鲜感。</span></p><p style=\"margin-top: 0px; margin-bottom: 20px; white-space: normal; padding: 0px; line-height: 28px; word-wrap: break-word; color: rgb(51, 51, 51); font-family: &quot;PingFang SC&quot;, &quot;Hiragino Sans GB&quot;, &quot;Microsoft YaHei&quot;, &quot;WenQuanYi Micro Hei&quot;, &quot;Helvetica Neue&quot;, Arial, sans-serif; background-color: rgb(255, 255, 255);\"><br/></p><p style=\"margin-top: 0px; margin-bottom: 20px; white-space: normal; padding: 0px; line-height: 28px; word-wrap: break-word; color: rgb(51, 51, 51); font-family: &quot;PingFang SC&quot;, &quot;Hiragino Sans GB&quot;, &quot;Microsoft YaHei&quot;, &quot;WenQuanYi Micro Hei&quot;, &quot;Helvetica Neue&quot;, Arial, sans-serif; background-color: rgb(255, 255, 255);\">就纯粹拿泰国有名的海岛普吉岛和三亚相比，除了机票比三亚贵一千左右，如上所述，其他还是完胜三亚。</p><p><br/></p>', '泰国 三亚', '7');
INSERT INTO `news` VALUES ('49', '14', '2017-06-07 15:43:32', '一个户外美女菜鸟首登雪山的奇葩感受', '<p style=\"white-space: normal;\"><span style=\"color: rgb(51, 51, 51); font-family: &quot;PingFang SC&quot;, &quot;Hiragino Sans GB&quot;, &quot;Microsoft YaHei&quot;, &quot;WenQuanYi Micro Hei&quot;, &quot;Helvetica Neue&quot;, Arial, sans-serif; background-color: rgb(255, 255, 255);\"></span></p><p style=\"margin-top: 16px; margin-bottom: 16px; padding: 0px; color: rgb(34, 34, 34); font-family: &quot;PingFang SC&quot;, &quot;Hiragino Sans GB&quot;, &quot;Microsoft YaHei&quot;, &quot;WenQuanYi Micro Hei&quot;, &quot;Helvetica Neue&quot;, Arial, sans-serif; white-space: normal; background-color: rgb(255, 255, 255);\">老实说，在2016年9月之前，我从未奢望过自己能登上一座雪山。</p><p style=\"margin-top: 16px; margin-bottom: 16px; padding: 0px; color: rgb(34, 34, 34); font-family: &quot;PingFang SC&quot;, &quot;Hiragino Sans GB&quot;, &quot;Microsoft YaHei&quot;, &quot;WenQuanYi Micro Hei&quot;, &quot;Helvetica Neue&quot;, Arial, sans-serif; white-space: normal; background-color: rgb(255, 255, 255);\">看过《垂直极限》和《绝命海拔》，各色人等在恶劣自然环境下挣扎求生的严峻和恐惧、克服重重艰险矗立巅峰的痛哭或狂喜，对我这种从未真正独立过的人来说，仅仅是眼前清晰的一场电影，又或者是遥远虚无的一个梦想。直到去年5月徒步雨崩走完梅里雪山内转之旅，9月远赴阿里完成冈仁波齐转山之行，直到发现自己的体能弱优于喜游户外的红人——小明同学一丢丢之后（曾为军人的小明去年克服身体严重不适，努力发扬大无畏革命英雄主义精神勇攀高峰，在我心中形成了坚韧无比的励志哥形象）……自信心就那么油然而生了。于是，坚定地报名，坚定地前行。这个5月，来到云南，与生命中的第一座雪山默然相遇。</p><p style=\"text-align:center\"><img src=\"http://localhost:8080/news/upload/image/news/20170607/1496821313466019522.jpg\" title=\"1496821313466019522.jpg\"/></p><p><span style=\"color: rgb(34, 34, 34); font-family: &quot;PingFang SC&quot;, &quot;Hiragino Sans GB&quot;, &quot;Microsoft YaHei&quot;, &quot;WenQuanYi Micro Hei&quot;, &quot;Helvetica Neue&quot;, Arial, sans-serif; background-color: rgb(255, 255, 255);\">哈巴雪山位于香格里拉东南部，海拔5396米，与玉龙雪山隔虎跳峡相望，4700米以上终年积雪。如果说，金沙江、澜沧江、怒江这“三江并流”地区是人间最后一块圣洁之地，哈巴雪山则是圣地的最高峰，经亿万年岁月洗礼，仍保持着远古的纯洁，静静伫立，宛若云中仙子，接受众生朝觐。</span></p><p style=\"text-align:center\"><img src=\"http://localhost:8080/news/upload/image/news/20170607/1496821313477045547.jpg\" title=\"1496821313477045547.jpg\"/></p><p style=\"text-align:center\"><img src=\"http://localhost:8080/news/upload/image/news/20170607/1496821313484023023.jpg\" title=\"1496821313484023023.jpg\"/></p><p style=\"text-align:center\"><img src=\"http://localhost:8080/news/upload/image/news/20170607/1496821313537092800.jpg\" title=\"1496821313537092800.jpg\"/></p><p style=\"text-align:center\"><img src=\"http://localhost:8080/news/upload/image/news/20170607/1496821313548047207.jpg\" title=\"1496821313548047207.jpg\"/></p><p><span style=\"color: rgb(34, 34, 34); font-family: &quot;PingFang SC&quot;, &quot;Hiragino Sans GB&quot;, &quot;Microsoft YaHei&quot;, &quot;WenQuanYi Micro Hei&quot;, &quot;Helvetica Neue&quot;, Arial, sans-serif; background-color: rgb(255, 255, 255);\">8号下午，我们一行六人乘车来到哈巴村。村庄海拔2600多米，居住着藏族、彝族、纳西族和回族等少数民族，盛产花椒、苹果和核桃。入住的老罗家客栈，陆续接待过世界各地的百余家户外登山团队。</span></p><p style=\"text-align:center\"><img src=\"http://localhost:8080/news/upload/image/news/20170607/1496821313559025801.jpg\" title=\"1496821313559025801.jpg\"/></p><p style=\"text-align:center\"><img src=\"http://localhost:8080/news/upload/image/news/20170607/1496821313582030564.jpg\" title=\"1496821313582030564.jpg\"/></p><p style=\"text-align:center\"><img src=\"http://localhost:8080/news/upload/image/news/20170607/1496821313589079323.jpg\" title=\"1496821313589079323.jpg\"/></p><p style=\"margin-top: 16px; margin-bottom: 16px; padding: 0px; color: rgb(34, 34, 34); font-family: &quot;PingFang SC&quot;, &quot;Hiragino Sans GB&quot;, &quot;Microsoft YaHei&quot;, &quot;WenQuanYi Micro Hei&quot;, &quot;Helvetica Neue&quot;, Arial, sans-serif; white-space: normal; background-color: rgb(255, 255, 255);\"><span style=\"font-weight: 700;\">此次登山心得</span></p><hr/><p style=\"margin-top: 16px; margin-bottom: 16px; padding: 0px; color: rgb(34, 34, 34); font-family: &quot;PingFang SC&quot;, &quot;Hiragino Sans GB&quot;, &quot;Microsoft YaHei&quot;, &quot;WenQuanYi Micro Hei&quot;, &quot;Helvetica Neue&quot;, Arial, sans-serif; white-space: normal; background-color: rgb(255, 255, 255);\">1、必须要有较好的体力、耐力和心理素质。当天我们全部登顶的5名队员平均年龄45岁，平日里都爱好打球、骑行或徒步，且生活经验丰富，遇事不慌张，意志力顽强。后来得知，5月11号老罗带队的新加坡10名20来岁的年轻人队伍只登顶了5人。</p><p style=\"margin-top: 16px; margin-bottom: 16px; padding: 0px; color: rgb(34, 34, 34); font-family: &quot;PingFang SC&quot;, &quot;Hiragino Sans GB&quot;, &quot;Microsoft YaHei&quot;, &quot;WenQuanYi Micro Hei&quot;, &quot;Helvetica Neue&quot;, Arial, sans-serif; white-space: normal; background-color: rgb(255, 255, 255);\">2、必须要有专业的团队保障。从前期的能量包发放、设备使用培训到中期的饮食服务保障再到攀登时一对一协作的扶持、鼓励，一直到第二天白水台景区的徒步拉练给肌肉排酸，都充分体现了喜游户外的敬业、精业和乐业精神。</p><p style=\"margin-top: 16px; margin-bottom: 16px; padding: 0px; color: rgb(34, 34, 34); font-family: &quot;PingFang SC&quot;, &quot;Hiragino Sans GB&quot;, &quot;Microsoft YaHei&quot;, &quot;WenQuanYi Micro Hei&quot;, &quot;Helvetica Neue&quot;, Arial, sans-serif; white-space: normal; background-color: rgb(255, 255, 255);\">3、必须要有强烈的团队合作意识。领队精心安排、协作倾力付出、成员相互打气，队伍精气神始终在一个频道，队员登顶最早和最晚时间不超过50分钟。</p><p style=\"margin-top: 16px; margin-bottom: 16px; padding: 0px; color: rgb(34, 34, 34); font-family: &quot;PingFang SC&quot;, &quot;Hiragino Sans GB&quot;, &quot;Microsoft YaHei&quot;, &quot;WenQuanYi Micro Hei&quot;, &quot;Helvetica Neue&quot;, Arial, sans-serif; white-space: normal; background-color: rgb(255, 255, 255);\">4、必须要听话、听话、听话。因为下撤绝望坡没按要求速度太快，戳了脚趾头，接下来的半个月，好动的我必须停止剧烈运动，静待脚指甲推陈出新。嗯，好好品尝自己不听话的后果吧。</p><p><br/></p>', '泰国 三亚', '7');
INSERT INTO `news` VALUES ('50', '20', '2017-06-07 16:21:23', '毛坦厂中学是怎样炼成的？', '<p style=\"margin-top: 16px; margin-bottom: 16px; padding: 0px; color: rgb(34, 34, 34); font-family: &quot;PingFang SC&quot;, &quot;Hiragino Sans GB&quot;, &quot;Microsoft YaHei&quot;, &quot;WenQuanYi Micro Hei&quot;, &quot;Helvetica Neue&quot;, Arial, sans-serif; white-space: normal; background-color: rgb(255, 255, 255);\">出生年月，是划分一代人的标签。在中国，这种节点性标签还有一个，那就是高考。</p><p style=\"margin-top: 16px; margin-bottom: 16px; padding: 0px; color: rgb(34, 34, 34); font-family: &quot;PingFang SC&quot;, &quot;Hiragino Sans GB&quot;, &quot;Microsoft YaHei&quot;, &quot;WenQuanYi Micro Hei&quot;, &quot;Helvetica Neue&quot;, Arial, sans-serif; white-space: normal; background-color: rgb(255, 255, 255);\">今天是2017年高考首日，政知见（微信ID:bqzhengzhiju）在这里祝愿所有考生顺利。</p><p style=\"margin-top: 16px; margin-bottom: 16px; padding: 0px; color: rgb(34, 34, 34); font-family: &quot;PingFang SC&quot;, &quot;Hiragino Sans GB&quot;, &quot;Microsoft YaHei&quot;, &quot;WenQuanYi Micro Hei&quot;, &quot;Helvetica Neue&quot;, Arial, sans-serif; white-space: normal; background-color: rgb(255, 255, 255);\">高考已经不只是一次考试，而是学子人生中的一件大事。考生、家人、老师、学校，都一起卷入到这件大事中。考生如果表现优异，会使得家人春风满面。而当成批的考生达到较高的升学率，无疑会使一所学校吸引住全国民众的目光。</p><p style=\"margin-top: 16px; margin-bottom: 16px; padding: 0px; color: rgb(34, 34, 34); font-family: &quot;PingFang SC&quot;, &quot;Hiragino Sans GB&quot;, &quot;Microsoft YaHei&quot;, &quot;WenQuanYi Micro Hei&quot;, &quot;Helvetica Neue&quot;, Arial, sans-serif; white-space: normal; background-color: rgb(255, 255, 255);\">还记得政知君几年前高考的时候，衡水中学颇为“著名”，但近些年，毛坦厂中学屡屡刷屏。昨天政知君的朋友圈中，各种各样的评论、话题均与毛坦厂有关。</p><p style=\"margin-top: 16px; margin-bottom: 16px; padding: 0px; color: rgb(34, 34, 34); font-family: &quot;PingFang SC&quot;, &quot;Hiragino Sans GB&quot;, &quot;Microsoft YaHei&quot;, &quot;WenQuanYi Micro Hei&quot;, &quot;Helvetica Neue&quot;, Arial, sans-serif; white-space: normal; background-color: rgb(255, 255, 255);\">在网传视频中，6月5日上午，毛坦厂当地人头攒动，人群中不时有人挥动着标语。今年从毛坦厂中学乘坐大巴出发，奔赴高考的学生超过两万。如此规模，让这个特殊的仪式在当地叫做“送考节”。</p><p style=\"text-align:center\"><img src=\"http://localhost:8080/news/upload/image/news/20170607/1496823479132037044.jpg\" title=\"1496823479132037044.jpg\"/></p><p><br/></p><h1 style=\"margin: 36px 0px 22px; padding: 0px; font-size: 24px; line-height: 32px; color: rgb(34, 34, 34); font-family: &quot;PingFang SC&quot;, &quot;Hiragino Sans GB&quot;, &quot;Microsoft YaHei&quot;, &quot;WenQuanYi Micro Hei&quot;, &quot;Helvetica Neue&quot;, Arial, sans-serif; white-space: normal; background-color: rgb(255, 255, 255);\">毛坦厂中学的日常</h1><p style=\"margin-top: 16px; margin-bottom: 16px; padding: 0px; color: rgb(34, 34, 34); font-family: &quot;PingFang SC&quot;, &quot;Hiragino Sans GB&quot;, &quot;Microsoft YaHei&quot;, &quot;WenQuanYi Micro Hei&quot;, &quot;Helvetica Neue&quot;, Arial, sans-serif; white-space: normal; background-color: rgb(255, 255, 255);\">毛坦厂，是安徽省六安市下辖的一个镇，与舒城、霍山两县交界，地处大别山深处，周围是沟壑丛生的山峦，被一条小河左右摊分。这个不寻常的名字，相传是元末明初时，百姓涂炭，当地茅草丛生被人叫做“茅滩场”，后谐音而来。</p><p style=\"margin-top: 16px; margin-bottom: 16px; padding: 0px; color: rgb(34, 34, 34); font-family: &quot;PingFang SC&quot;, &quot;Hiragino Sans GB&quot;, &quot;Microsoft YaHei&quot;, &quot;WenQuanYi Micro Hei&quot;, &quot;Helvetica Neue&quot;, Arial, sans-serif; white-space: normal; background-color: rgb(255, 255, 255);\">考生们口中的“毛中”，就是当地的公办乡镇中学。2001年争创省级示范高中成功后，名气渐旺。其实从“战绩”上看，毛坦厂中学考上北大、清华等全国名校的学生并不多，2016年也只有两人被北京大学录取。这与动辄一两百人考上“北清”的衡水中学相比，相去甚远。</p><p style=\"margin-top: 16px; margin-bottom: 16px; padding: 0px; color: rgb(34, 34, 34); font-family: &quot;PingFang SC&quot;, &quot;Hiragino Sans GB&quot;, &quot;Microsoft YaHei&quot;, &quot;WenQuanYi Micro Hei&quot;, &quot;Helvetica Neue&quot;, Arial, sans-serif; white-space: normal; background-color: rgb(255, 255, 255);\">但升学率才是毛中最大的竞争力。2016年，该校高考本科达线人数连续三年突破万人大关。一本达线3700人，应届一本达线率为52.06%，本科达线率为90.09%；毛中参股的民办金安中学，本科达线率同样达到了90%。</p><p style=\"margin-top: 16px; margin-bottom: 16px; padding: 0px; color: rgb(34, 34, 34); font-family: &quot;PingFang SC&quot;, &quot;Hiragino Sans GB&quot;, &quot;Microsoft YaHei&quot;, &quot;WenQuanYi Micro Hei&quot;, &quot;Helvetica Neue&quot;, Arial, sans-serif; white-space: normal; background-color: rgb(255, 255, 255);\">六安的初中毕业生优先选择的仍然是位于市区的两所最好的高中：六安一中、六安二中。市区高中层层“掐尖”后的本地生源，才会进入中考统招线相差50分左右的毛坦厂中学等学校。教育部相关规定中指出，普通高中的学术规模原则上应在三千人左右，而媒体的报道中，毛中的学生已达到一两万规模。据悉，这其中的大部分，是农村家庭出身、成绩并不拔尖的学子，他们把这里看做是改变命运的跳板。</p><p style=\"margin-top: 16px; margin-bottom: 16px; padding: 0px; color: rgb(34, 34, 34); font-family: &quot;PingFang SC&quot;, &quot;Hiragino Sans GB&quot;, &quot;Microsoft YaHei&quot;, &quot;WenQuanYi Micro Hei&quot;, &quot;Helvetica Neue&quot;, Arial, sans-serif; white-space: normal; background-color: rgb(255, 255, 255);\">毛中、衡中、黄冈中学，每一所这样的高中在学生心里都堪称“魔鬼训练营”。政知君的一位同学选择去衡中就读，她曾总结那里的生活，“睁开眼就学习，闭上眼就睡觉，别想别的。”这句话同样适用于毛中，苦是预料之中的。</p><p style=\"margin-top: 16px; margin-bottom: 16px; padding: 0px; color: rgb(34, 34, 34); font-family: &quot;PingFang SC&quot;, &quot;Hiragino Sans GB&quot;, &quot;Microsoft YaHei&quot;, &quot;WenQuanYi Micro Hei&quot;, &quot;Helvetica Neue&quot;, Arial, sans-serif; white-space: normal; background-color: rgb(255, 255, 255);\">毛中的备考生，一天要在学校里度过16个小时。早晨六点起床洗漱早饭，一天的课程后进行晚自习，将近23：00才能走出校门。被媒体采访的学生表示，很多同学回到家后还会熬夜看书。</p><p style=\"margin-top: 16px; margin-bottom: 16px; padding: 0px; color: rgb(34, 34, 34); font-family: &quot;PingFang SC&quot;, &quot;Hiragino Sans GB&quot;, &quot;Microsoft YaHei&quot;, &quot;WenQuanYi Micro Hei&quot;, &quot;Helvetica Neue&quot;, Arial, sans-serif; white-space: normal; background-color: rgb(255, 255, 255);\">政知见（微信ID:bqzhengzhiju）注意到，2万左右的考生还催生出另一个规模相当的群体，陪读妈妈。</p><p style=\"margin-top: 16px; margin-bottom: 16px; padding: 0px; color: rgb(34, 34, 34); font-family: &quot;PingFang SC&quot;, &quot;Hiragino Sans GB&quot;, &quot;Microsoft YaHei&quot;, &quot;WenQuanYi Micro Hei&quot;, &quot;Helvetica Neue&quot;, Arial, sans-serif; white-space: normal; background-color: rgb(255, 255, 255);\">陪读的家长，最大的任务是每天按照孩子的起居时间，准备三餐。许多学生中午无法回家吃饭，家长会用饭盒送到学校。中午在毛中校门口，随处可见蹲在室外吃饭的学生和旁边的家长。</p><p style=\"text-align:center\"><img src=\"http://localhost:8080/news/upload/image/news/20170607/1496823479142062002.jpg\" title=\"1496823479142062002.jpg\"/></p><p style=\"margin-top: 16px; margin-bottom: 16px; padding: 0px; color: rgb(34, 34, 34); font-family: &quot;PingFang SC&quot;, &quot;Hiragino Sans GB&quot;, &quot;Microsoft YaHei&quot;, &quot;WenQuanYi Micro Hei&quot;, &quot;Helvetica Neue&quot;, Arial, sans-serif; white-space: normal; background-color: rgb(255, 255, 255);\">家喻户晓的央视纪录片《舌尖上的中国》第二季，专门拍摄了毛中陪读妈妈的一个场景。纪录片中那顿红烧肉呈现出的，不但有精湛的厨艺，还有亲情、汗水。</p><h1 style=\"margin: 36px 0px 22px; padding: 0px; font-size: 24px; line-height: 32px; color: rgb(34, 34, 34); font-family: &quot;PingFang SC&quot;, &quot;Hiragino Sans GB&quot;, &quot;Microsoft YaHei&quot;, &quot;WenQuanYi Micro Hei&quot;, &quot;Helvetica Neue&quot;, Arial, sans-serif; white-space: normal; background-color: rgb(255, 255, 255);\">超级中学的拓展模式</h1><p style=\"margin-top: 16px; margin-bottom: 16px; padding: 0px; color: rgb(34, 34, 34); font-family: &quot;PingFang SC&quot;, &quot;Hiragino Sans GB&quot;, &quot;Microsoft YaHei&quot;, &quot;WenQuanYi Micro Hei&quot;, &quot;Helvetica Neue&quot;, Arial, sans-serif; white-space: normal; background-color: rgb(255, 255, 255);\">铁打的营盘流水的兵，高考每年都有，每届学生不同。从另一种视角来看，每年一届的几万学子，是一个巨大的商机。</p><p style=\"margin-top: 16px; margin-bottom: 16px; padding: 0px; color: rgb(34, 34, 34); font-family: &quot;PingFang SC&quot;, &quot;Hiragino Sans GB&quot;, &quot;Microsoft YaHei&quot;, &quot;WenQuanYi Micro Hei&quot;, &quot;Helvetica Neue&quot;, Arial, sans-serif; white-space: normal; background-color: rgb(255, 255, 255);\">在高考的前几天，毛坦厂中学公布了参加2017年补习中心招生简章。</p><p style=\"text-align:center\"><br/></p><p style=\"text-align:center\"><img src=\"http://localhost:8080/news/upload/image/news/20170607/1496823622702097979.jpg\" title=\"1496823622702097979.jpg\"/></p><p style=\"margin-top: 16px; margin-bottom: 16px; padding: 0px; color: rgb(34, 34, 34); font-family: &quot;PingFang SC&quot;, &quot;Hiragino Sans GB&quot;, &quot;Microsoft YaHei&quot;, &quot;WenQuanYi Micro Hei&quot;, &quot;Helvetica Neue&quot;, Arial, sans-serif; white-space: normal; background-color: rgb(255, 255, 255);\">可以看到，想来毛中复读，其学费将和高考成绩挂钩。超过一本线的学生，第一个学期的学费为两三千元左右，如果和一本线相去甚远，最高可达四万八千元。</p><p style=\"margin-top: 16px; margin-bottom: 16px; padding: 0px; color: rgb(34, 34, 34); font-family: &quot;PingFang SC&quot;, &quot;Hiragino Sans GB&quot;, &quot;Microsoft YaHei&quot;, &quot;WenQuanYi Micro Hei&quot;, &quot;Helvetica Neue&quot;, Arial, sans-serif; white-space: normal; background-color: rgb(255, 255, 255);\">招生简章的抬头，除了毛坦厂中学还有金安中学补习中心，后者是由毛中联手企业成立的民办中学。政知见（微信ID:bqzhengzhiju）注意到，两所学校相隔仅一条街，不过几百米。</p><p style=\"margin-top: 16px; margin-bottom: 16px; padding: 0px; color: rgb(34, 34, 34); font-family: &quot;PingFang SC&quot;, &quot;Hiragino Sans GB&quot;, &quot;Microsoft YaHei&quot;, &quot;WenQuanYi Micro Hei&quot;, &quot;Helvetica Neue&quot;, Arial, sans-serif; white-space: normal; background-color: rgb(255, 255, 255);\">这个招生简章为毛中引来不少质疑，除了收费标准，还有办学模式。</p><p style=\"margin-top: 16px; margin-bottom: 16px; padding: 0px; color: rgb(34, 34, 34); font-family: &quot;PingFang SC&quot;, &quot;Hiragino Sans GB&quot;, &quot;Microsoft YaHei&quot;, &quot;WenQuanYi Micro Hei&quot;, &quot;Helvetica Neue&quot;, Arial, sans-serif; white-space: normal; background-color: rgb(255, 255, 255);\">有媒体质疑称，其为了绕过教育部关于公办学校的招生数量、区域限制，因此联手民办中学“曲线招生”。这种质疑也不是第一次出现，前段时间被讽刺为“野蛮扩张”的衡水中学，同样采取类似的模式。</p><h1 style=\"margin: 36px 0px 22px; padding: 0px; font-size: 24px; line-height: 32px; color: rgb(34, 34, 34); font-family: &quot;PingFang SC&quot;, &quot;Hiragino Sans GB&quot;, &quot;Microsoft YaHei&quot;, &quot;WenQuanYi Micro Hei&quot;, &quot;Helvetica Neue&quot;, Arial, sans-serif; white-space: normal; background-color: rgb(255, 255, 255);\">校门外的商机</h1><p style=\"margin-top: 16px; margin-bottom: 16px; padding: 0px; color: rgb(34, 34, 34); font-family: &quot;PingFang SC&quot;, &quot;Hiragino Sans GB&quot;, &quot;Microsoft YaHei&quot;, &quot;WenQuanYi Micro Hei&quot;, &quot;Helvetica Neue&quot;, Arial, sans-serif; white-space: normal; background-color: rgb(255, 255, 255);\">前面介绍到，毛中有着严格的作息要求。虽然很多学生身边有陪读家长，但对于早晨六点多就要进行早读的学生而言，在家吃早餐同样成为奢求。更多的学生，选择在七点多早读结束后，出校门买早饭。</p><p style=\"margin-top: 16px; margin-bottom: 16px; padding: 0px; color: rgb(34, 34, 34); font-family: &quot;PingFang SC&quot;, &quot;Hiragino Sans GB&quot;, &quot;Microsoft YaHei&quot;, &quot;WenQuanYi Micro Hei&quot;, &quot;Helvetica Neue&quot;, Arial, sans-serif; white-space: normal; background-color: rgb(255, 255, 255);\">天刚蒙蒙亮，这个小镇在早餐铺的叫卖声中苏醒。</p><p style=\"margin-top: 16px; margin-bottom: 16px; padding: 0px; color: rgb(34, 34, 34); font-family: &quot;PingFang SC&quot;, &quot;Hiragino Sans GB&quot;, &quot;Microsoft YaHei&quot;, &quot;WenQuanYi Micro Hei&quot;, &quot;Helvetica Neue&quot;, Arial, sans-serif; white-space: normal; background-color: rgb(255, 255, 255);\">毛中附近的包子铺、煎饼果子摊、粥车、馄饨店……全都开张了。校门在七点一刻左右大开，早读结束的学生们蜂拥而出，3分钟内，总长近200米的马路被全线占领。</p><p style=\"margin-top: 16px; margin-bottom: 16px; padding: 0px; color: rgb(34, 34, 34); font-family: &quot;PingFang SC&quot;, &quot;Hiragino Sans GB&quot;, &quot;Microsoft YaHei&quot;, &quot;WenQuanYi Micro Hei&quot;, &quot;Helvetica Neue&quot;, Arial, sans-serif; white-space: normal; background-color: rgb(255, 255, 255);\">这一幕，仅仅是围绕毛坦厂中学的生意经中的一环。衣食住行，几万学子的需求是“面面俱到”的。</p><p style=\"margin-top: 16px; margin-bottom: 16px; padding: 0px; color: rgb(34, 34, 34); font-family: &quot;PingFang SC&quot;, &quot;Hiragino Sans GB&quot;, &quot;Microsoft YaHei&quot;, &quot;WenQuanYi Micro Hei&quot;, &quot;Helvetica Neue&quot;, Arial, sans-serif; white-space: normal; background-color: rgb(255, 255, 255);\">据媒体报道，陪读的家长几乎都会选择在学校附近租房起居。刚性需求让他们对房间的要求并不高，但是房子价格却水涨船高。一个单间由于配有独立卫生间，租金达到了一学期7000元。</p><p style=\"margin-top: 16px; margin-bottom: 16px; padding: 0px; color: rgb(34, 34, 34); font-family: &quot;PingFang SC&quot;, &quot;Hiragino Sans GB&quot;, &quot;Microsoft YaHei&quot;, &quot;WenQuanYi Micro Hei&quot;, &quot;Helvetica Neue&quot;, Arial, sans-serif; white-space: normal; background-color: rgb(255, 255, 255);\">毛坦厂镇的社会结构更接近沿海发达地区。3.5平方公里居住着5万余人，其中本地户籍的只有一万多，另有一万多人是来学校附近做生意的外地人，人口主体是两万多学生和一万多陪读家长。</p><p style=\"margin-top: 16px; margin-bottom: 16px; padding: 0px; color: rgb(34, 34, 34); font-family: &quot;PingFang SC&quot;, &quot;Hiragino Sans GB&quot;, &quot;Microsoft YaHei&quot;, &quot;WenQuanYi Micro Hei&quot;, &quot;Helvetica Neue&quot;, Arial, sans-serif; white-space: normal; background-color: rgb(255, 255, 255);\">据悉，当地政府为给学生营造良好的学习环境，叫停了几乎所有娱乐场所，包括台球厅、游戏厅、网吧等。在校园内被禁止使用手机的学生，如果想网购商品，只能让他人代劳。于是，几万学生的需求，催生了独一无二的工种——代购，这并不是通常意义中的海外代购，而是为学生网购、代收商品。</p><p style=\"text-align:center\"><img src=\"http://localhost:8080/news/upload/image/news/20170607/1496823622695092073.jpg\" title=\"1496823622695092073.jpg\"/></p><p style=\"margin-top: 16px; margin-bottom: 16px; padding: 0px; color: rgb(34, 34, 34); font-family: &quot;PingFang SC&quot;, &quot;Hiragino Sans GB&quot;, &quot;Microsoft YaHei&quot;, &quot;WenQuanYi Micro Hei&quot;, &quot;Helvetica Neue&quot;, Arial, sans-serif; white-space: normal; background-color: rgb(255, 255, 255);\">毛中周边有十几家这样的代购点，店里的电脑、iPad旁边标示着只可购物不可娱乐。店内张贴着收费标准：100元以下，代购费3元；100-200元，代购费5元；200元以上，代购费10元。店主介绍称，生意好的时候，一天可以赚三万。</p><h1 style=\"margin: 36px 0px 22px; padding: 0px; font-size: 24px; line-height: 32px; color: rgb(34, 34, 34); font-family: &quot;PingFang SC&quot;, &quot;Hiragino Sans GB&quot;, &quot;Microsoft YaHei&quot;, &quot;WenQuanYi Micro Hei&quot;, &quot;Helvetica Neue&quot;, Arial, sans-serif; white-space: normal; background-color: rgb(255, 255, 255);\">争论利与弊</h1><p style=\"margin-top: 16px; margin-bottom: 16px; padding: 0px; color: rgb(34, 34, 34); font-family: &quot;PingFang SC&quot;, &quot;Hiragino Sans GB&quot;, &quot;Microsoft YaHei&quot;, &quot;WenQuanYi Micro Hei&quot;, &quot;Helvetica Neue&quot;, Arial, sans-serif; white-space: normal; background-color: rgb(255, 255, 255);\">如果将毛中的高收费称为“小节”，那么更多的质疑声聚焦在超级中学的办学理念上。有评论认为“流水线”式的训练方式会扼杀学生的创造力，违背教育的初衷。</p><p style=\"margin-top: 16px; margin-bottom: 16px; padding: 0px; color: rgb(34, 34, 34); font-family: &quot;PingFang SC&quot;, &quot;Hiragino Sans GB&quot;, &quot;Microsoft YaHei&quot;, &quot;WenQuanYi Micro Hei&quot;, &quot;Helvetica Neue&quot;, Arial, sans-serif; white-space: normal; background-color: rgb(255, 255, 255);\">国家教育咨询委员会委员、北京理工大学教育研究院教授杨东平就公开表示，超级中学有五宗罪。比如助长应试教育和升学率评价。超级中学大多实行严格的应试训练，公开大肆开展升学率竞争、对基础教育产生负面导向。还比如收取高额择校费。超级中学主要是靠行政化手段打造的，其生意经是以高升学率为号召，主要靠择校费支撑其优质的办学条件、教师待遇和学校地位。还有就是大班大校有教育隐患。由于学生人数太多，学校必须实行半军事化等有违人性化的管理。</p><p style=\"margin-top: 16px; margin-bottom: 16px; padding: 0px; color: rgb(34, 34, 34); font-family: &quot;PingFang SC&quot;, &quot;Hiragino Sans GB&quot;, &quot;Microsoft YaHei&quot;, &quot;WenQuanYi Micro Hei&quot;, &quot;Helvetica Neue&quot;, Arial, sans-serif; white-space: normal; background-color: rgb(255, 255, 255);\">类似的质疑声不绝于耳，反过来为超级中学说话的，反倒显得格外突出。今年4月，《科技日报》刊文“力挺”超级中学，作者是中国教育在线总编辑陈志文。</p><p style=\"margin-top: 16px; margin-bottom: 16px; padding: 0px; color: rgb(34, 34, 34); font-family: &quot;PingFang SC&quot;, &quot;Hiragino Sans GB&quot;, &quot;Microsoft YaHei&quot;, &quot;WenQuanYi Micro Hei&quot;, &quot;Helvetica Neue&quot;, Arial, sans-serif; white-space: normal; background-color: rgb(255, 255, 255);\">对于备战高考的“磨难”，文章指出，哪一个对自己有高期望、高定位的孩子不辛苦？美国著名记者爱德华·休姆斯在他的调查报告《美国最好的中学是怎么炼成的——惠妮中学成长记》中提到，在美国，优秀的高中毕业生，下半夜睡觉是家常便饭，其辛苦程度绝不亚于我们大部分高中生。</p><p style=\"margin-top: 16px; margin-bottom: 16px; padding: 0px; color: rgb(34, 34, 34); font-family: &quot;PingFang SC&quot;, &quot;Hiragino Sans GB&quot;, &quot;Microsoft YaHei&quot;, &quot;WenQuanYi Micro Hei&quot;, &quot;Helvetica Neue&quot;, Arial, sans-serif; white-space: normal; background-color: rgb(255, 255, 255);\">而针对管理的严苛，文章写道，在英国最好的中学——伊顿公学里把人分为三六九等，这个管理手段如果放在国内会不会被家长投诉？更不要说在很多的私立学校，打板子，抽鞭子，禁足等等都是惩戒手段之一。体罚在中国已经禁绝，但美国至今仍然有19个州在法律层面赋予了学校体罚学生的权力。</p><p style=\"margin-top: 16px; margin-bottom: 16px; padding: 0px; color: rgb(34, 34, 34); font-family: &quot;PingFang SC&quot;, &quot;Hiragino Sans GB&quot;, &quot;Microsoft YaHei&quot;, &quot;WenQuanYi Micro Hei&quot;, &quot;Helvetica Neue&quot;, Arial, sans-serif; white-space: normal; background-color: rgb(255, 255, 255);\">文章还强调，“我们暂且就认为衡水中学是利用了大学录取制度中唯分数评价的机会，强化训练，但在一定程度上恰恰说明了这种分数评价积极的一面，给了我们很多穷孩子靠努力拼出一方天地的机会。”</p><p></p><p><br/></p>', '高考', '2');
INSERT INTO `news` VALUES ('51', '4', '2017-06-07 16:29:33', 'Dream It Possible最好听啦~~~', '<p><video class=\"edui-upload-video  vjs-default-skin video-js\" controls=\"\" preload=\"none\" width=\"420\" height=\"280\" src=\"http://localhost:8080/news/upload/video/20170607/1496824087471099264.mp4\" data-setup=\"{}\"></video></p>', 'Delacey', '4');
INSERT INTO `news` VALUES ('52', '4', '2017-06-07 16:33:42', '动物世界终于出MV啦~~~', '<p><video class=\"edui-upload-video  vjs-default-skin video-js\" controls=\"\" preload=\"none\" width=\"420\" height=\"280\" src=\"http://localhost:8080/news/upload/video/20170607/1496824414663092826.mp4\" data-setup=\"{}\"></video></p>', '薛之谦', '4');
INSERT INTO `news` VALUES ('53', '4', '2017-06-07 16:34:11', '薛之谦的暧昧出MV啦~~~~', '<p><video class=\"edui-upload-video  vjs-default-skin video-js\" controls=\"\" preload=\"none\" width=\"420\" height=\"280\" src=\"http://localhost:8080/news/upload/video/20170607/1496824449091072891.mp4\" data-setup=\"{}\"></video></p>', '薛之谦', '4');
INSERT INTO `news` VALUES ('54', '4', '2017-06-07 16:42:29', '城管拳脚相加强拆高考便民点 交警拼命守护怒吼：你走开！', '<p><video class=\"edui-upload-video  vjs-default-skin video-js\" controls=\"\" preload=\"none\" width=\"420\" height=\"280\" src=\"http://localhost:8080/news/upload/video/20170607/1496824941733010764.mp4\" data-setup=\"{}\"></video></p>', '高考', '4');
INSERT INTO `news` VALUES ('55', '4', '2017-06-07 16:47:14', '济宁考场颜值高能 堪比艺考', '<p><span style=\"color: rgb(48, 48, 48); font-family: &quot;Microsoft YaHei&quot;; font-size: 18px; background-color: rgb(255, 255, 255);\">7日上午，在济宁育才中学高考考点，众多高考生轻松上阵，走进考场。齐鲁晚报·齐鲁壹点记者 马辉</span></p><p style=\"text-align:center\"><img src=\"http://localhost:8080/news/upload/image/news/20170607/1496825216303086120.jpg\" title=\"1496825216303086120.jpg\"/></p><p><br/></p><p><span style=\"color: rgb(48, 48, 48); font-family: &quot;Microsoft YaHei&quot;; font-size: 18px; background-color: rgb(255, 255, 255);\">由于许多艺考生在这里考试，在进入考场时，宛如艺术院校的艺考现场，颜值颇高。</span></p><p style=\"text-align:center\"><span style=\"color: rgb(48, 48, 48); font-family: &quot;Microsoft YaHei&quot;; font-size: 18px; background-color: rgb(255, 255, 255);\"><img src=\"http://localhost:8080/news/upload/image/news/20170607/1496825216328038651.jpg\" title=\"1496825216328038651.jpg\"/></span></p><p><br/></p>', '高考', '2');
INSERT INTO `news` VALUES ('56', '18', '2017-06-07 16:52:36', '老师忘带全班准考证 民警乘爱心送考车逆行取回', '<p style=\"text-align: left;\"><span style=\"color: rgb(80, 80, 80); font-family: helvetica; font-size: 18px; text-align: justify; background-color: rgb(255, 255, 255);\">&nbsp;&nbsp;&nbsp;&nbsp;&nbsp;&nbsp;&nbsp;&nbsp;6月7日早8时许，育才中学考点一护考老师向警方求助，其不小心将几十位考生的准考证遗落在宾馆。九龙坡警方民警卢磊磊庚即驾驶爱心送考警务摩托车，送其返回位于黄桷坪广厦城的某宾馆。卢磊磊一路连闯多个红绿灯，逆行穿过早高峰的车流，原本需要半个多小时的车程仅用十余分钟将准考证取回。民警提醒，高考首日，张的不仅有学生和家长，还有护考老师们。遇突发找警察，平安护考，我们在路上。</span></p><p><br/></p><p style=\"text-align:center\"><img src=\"http://localhost:8080/news/upload/image/news/20170607/1496825504613022851.png\" title=\"1496825504613022851.png\" alt=\"W020170607395818505291.png\"/></p><p><br/></p>', '高考', '2');
INSERT INTO `news` VALUES ('57', '18', '2017-06-07 17:02:34', '晚安的句子 晚安的话', '<p><span style=\"color: rgb(34, 34, 34); font-family: &quot;PingFang SC&quot;, &quot;Hiragino Sans GB&quot;, &quot;Microsoft YaHei&quot;, &quot;WenQuanYi Micro Hei&quot;, &quot;Helvetica Neue&quot;, Arial, sans-serif; background-color: rgb(255, 255, 255);\">1、晨曦之前的启明星，是我的双眼;朝霞之前的晨露，是我的泪水;黄昏之前的夕阳，是你的温暖;黑夜之前的黄昏，是你的晚安。朝朝暮暮，思念悠长!</span></p><p style=\"text-align:center\"><span style=\"color: rgb(34, 34, 34); font-family: &quot;PingFang SC&quot;, &quot;Hiragino Sans GB&quot;, &quot;Microsoft YaHei&quot;, &quot;WenQuanYi Micro Hei&quot;, &quot;Helvetica Neue&quot;, Arial, sans-serif; background-color: rgb(255, 255, 255);\"><img src=\"http://localhost:8080/news/upload/image/news/20170607/1496826087635020288.jpg\" title=\"1496826087635020288.jpg\"/></span></p><p><span style=\"color: rgb(34, 34, 34); font-family: &quot;PingFang SC&quot;, &quot;Hiragino Sans GB&quot;, &quot;Microsoft YaHei&quot;, &quot;WenQuanYi Micro Hei&quot;, &quot;Helvetica Neue&quot;, Arial, sans-serif; background-color: rgb(255, 255, 255);\">2、撕下伪装，为自己变一变脸，由严肃变得温和慈祥。放下包袱，为自己放松一下心情，由紧张变得舒心惬意。静下心来泡杯清茶，悠闲地看看新闻，快快乐乐的好梦。晚安!</span></p><p style=\"margin-top: 16px; margin-bottom: 16px; padding: 0px; color: rgb(34, 34, 34); font-family: &quot;PingFang SC&quot;, &quot;Hiragino Sans GB&quot;, &quot;Microsoft YaHei&quot;, &quot;WenQuanYi Micro Hei&quot;, &quot;Helvetica Neue&quot;, Arial, sans-serif; white-space: normal; background-color: rgb(255, 255, 255);\">3、白天挣钱，顺其自然，夜晚入睡，精力充沛，放松心情，圆满美梦，自由坦然，快乐无限，祝你晚安，轻松入眠，祝你开心每一天。</p><p style=\"text-align:center\"><img src=\"http://localhost:8080/news/upload/image/news/20170607/1496826087633064868.jpg\" title=\"1496826087633064868.jpg\"/></p><p style=\"margin-top: 16px; margin-bottom: 16px; padding: 0px; color: rgb(34, 34, 34); font-family: &quot;PingFang SC&quot;, &quot;Hiragino Sans GB&quot;, &quot;Microsoft YaHei&quot;, &quot;WenQuanYi Micro Hei&quot;, &quot;Helvetica Neue&quot;, Arial, sans-serif; white-space: normal; background-color: rgb(255, 255, 255);\">4、月儿明，风儿静，星儿眨眼睛;发短信，来传情，心想事就成;狗儿睡，猫儿醒，宝贝儿真高兴;晚上到，好放松，天天好心情。宝贝，晚安!</p><p style=\"text-align:center\"><img src=\"http://localhost:8080/news/upload/image/news/20170607/1496826087687022384.jpg\" title=\"1496826087687022384.jpg\"/></p><p style=\"margin-top: 16px; margin-bottom: 16px; padding: 0px; color: rgb(34, 34, 34); font-family: &quot;PingFang SC&quot;, &quot;Hiragino Sans GB&quot;, &quot;Microsoft YaHei&quot;, &quot;WenQuanYi Micro Hei&quot;, &quot;Helvetica Neue&quot;, Arial, sans-serif; white-space: normal; background-color: rgb(255, 255, 255);\">5、春安夏安秋安冬安年年平安。你的平安是我的心愿，我的祝福愿你：身安心安早安晚安一生平安。</p><p style=\"margin-top: 16px; margin-bottom: 16px; padding: 0px; color: rgb(34, 34, 34); font-family: &quot;PingFang SC&quot;, &quot;Hiragino Sans GB&quot;, &quot;Microsoft YaHei&quot;, &quot;WenQuanYi Micro Hei&quot;, &quot;Helvetica Neue&quot;, Arial, sans-serif; white-space: normal; background-color: rgb(255, 255, 255);\">6、今夜星光灿烂，好运随时来。疲惫的身体带着倦意慢慢入睡，愿你做一个好梦，梦中流星滑落让你愿望成真，晚安!</p><p style=\"margin-top: 16px; margin-bottom: 16px; padding: 0px; color: rgb(34, 34, 34); font-family: &quot;PingFang SC&quot;, &quot;Hiragino Sans GB&quot;, &quot;Microsoft YaHei&quot;, &quot;WenQuanYi Micro Hei&quot;, &quot;Helvetica Neue&quot;, Arial, sans-serif; white-space: normal; background-color: rgb(255, 255, 255);\">7、希望是一种没好的等待;思念是一份温馨的心情;知己是一生修来的福份;爱情是一世难解的缘份;夜晚的宁静带来温馨的祝福;一句晚安带你进入美丽梦境。</p><p style=\"text-align:center\"><img src=\"http://localhost:8080/news/upload/image/news/20170607/1496826087625038135.jpg\" title=\"1496826087625038135.jpg\"/></p><p><span style=\"color: rgb(34, 34, 34); font-family: &quot;PingFang SC&quot;, &quot;Hiragino Sans GB&quot;, &quot;Microsoft YaHei&quot;, &quot;WenQuanYi Micro Hei&quot;, &quot;Helvetica Neue&quot;, Arial, sans-serif; background-color: rgb(255, 255, 255);\">8、花妩媚，因为蝴蝶在追;夜深沉，因为天使降临;梦已醉，因为月色很美;情珍贵，因为有你安慰;我幸福，因为有你一生伴随。晚安，朋友!</span></p><p style=\"text-align:center\"><span style=\"color: rgb(34, 34, 34); font-family: &quot;PingFang SC&quot;, &quot;Hiragino Sans GB&quot;, &quot;Microsoft YaHei&quot;, &quot;WenQuanYi Micro Hei&quot;, &quot;Helvetica Neue&quot;, Arial, sans-serif; background-color: rgb(255, 255, 255);\"><img src=\"http://localhost:8080/news/upload/image/news/20170607/1496826087678016494.jpg\" title=\"1496826087678016494.jpg\"/></span></p><p><span style=\"color: rgb(34, 34, 34); font-family: &quot;PingFang SC&quot;, &quot;Hiragino Sans GB&quot;, &quot;Microsoft YaHei&quot;, &quot;WenQuanYi Micro Hei&quot;, &quot;Helvetica Neue&quot;, Arial, sans-serif; background-color: rgb(255, 255, 255);\">9、你的心情现在好吧，你的生活依然洒脱吧，一天的烦恼都已经消除了吧，你的脸上正在微笑吧，哦，朋友，就让快乐永远围绕在你身边，祝你晚安。</span></p><p><span style=\"color: rgb(34, 34, 34); font-family: &quot;PingFang SC&quot;, &quot;Hiragino Sans GB&quot;, &quot;Microsoft YaHei&quot;, &quot;WenQuanYi Micro Hei&quot;, &quot;Helvetica Neue&quot;, Arial, sans-serif; background-color: rgb(255, 255, 255);\">10.、忘记白天工作的劳累，抛开日常生活的琐碎，让习习晚风当床，让丝丝清凉当被，让我美好祝福陪你入睡，晚安!好梦!</span></p><p><br/></p><p><br/></p><p><br/></p><p style=\"text-align:center\"><img src=\"http://localhost:8080/news/upload/image/news/20170607/1496826087669022673.jpg\" title=\"1496826087669022673.jpg\"/></p><p><br/></p><p><br/></p><p><br/></p>', '情感', '5');
INSERT INTO `news` VALUES ('58', '18', '2017-06-07 17:05:01', '毕淑敏：你的高度决定了你的一生', '<p style=\"margin-top: 16px; margin-bottom: 16px; padding: 0px; color: rgb(34, 34, 34); font-family: &quot;PingFang SC&quot;, &quot;Hiragino Sans GB&quot;, &quot;Microsoft YaHei&quot;, &quot;WenQuanYi Micro Hei&quot;, &quot;Helvetica Neue&quot;, Arial, sans-serif; white-space: normal; background-color: rgb(255, 255, 255);\">美国心理学家马斯洛有一段名言：如果你有意地避重就轻，去做比你尽力所能做到的更小的事情，那么我警告你，在你今后的日子里，你将是很不幸的。因为你总是要逃避那些和你的能力相联系的各种机会和可能性。</p><p style=\"margin-top: 16px; margin-bottom: 16px; padding: 0px; color: rgb(34, 34, 34); font-family: &quot;PingFang SC&quot;, &quot;Hiragino Sans GB&quot;, &quot;Microsoft YaHei&quot;, &quot;WenQuanYi Micro Hei&quot;, &quot;Helvetica Neue&quot;, Arial, sans-serif; white-space: normal; background-color: rgb(255, 255, 255);\">每逢读到，我总是心怀战栗地感动。</p><p style=\"margin-top: 16px; margin-bottom: 16px; padding: 0px; color: rgb(34, 34, 34); font-family: &quot;PingFang SC&quot;, &quot;Hiragino Sans GB&quot;, &quot;Microsoft YaHei&quot;, &quot;WenQuanYi Micro Hei&quot;, &quot;Helvetica Neue&quot;, Arial, sans-serif; white-space: normal; background-color: rgb(255, 255, 255);\">一个人就像是一粒种子，天生就有发芽的欲望。只要是一颗健康的种子，哪怕是在地下埋藏千年，哪怕是到太空遨游过一圈，哪怕被冰雪封盖，哪怕经过了鸟禽消化液的浸泡，哪怕被风刀霜剑连续斩杀……只要那宝贵的胚芽还在，一到时机成熟，它就会在阳光下探出头来，绽开勃勃的生机。</p><p style=\"margin-top: 16px; margin-bottom: 16px; padding: 0px; color: rgb(34, 34, 34); font-family: &quot;PingFang SC&quot;, &quot;Hiragino Sans GB&quot;, &quot;Microsoft YaHei&quot;, &quot;WenQuanYi Micro Hei&quot;, &quot;Helvetica Neue&quot;, Arial, sans-serif; white-space: normal; background-color: rgb(255, 255, 255);\">现代心理学有很多精彩的论证，这些论证不能像实证的物理、化学，拿出若干铁一般的证据，心理学的很多假说建立在对人的行为的推断和研究之上，被千千万万的人所证实。</p><p style=\"margin-top: 16px; margin-bottom: 16px; padding: 0px; color: rgb(34, 34, 34); font-family: &quot;PingFang SC&quot;, &quot;Hiragino Sans GB&quot;, &quot;Microsoft YaHei&quot;, &quot;WenQuanYi Micro Hei&quot;, &quot;Helvetica Neue&quot;, Arial, sans-serif; white-space: normal; background-color: rgb(255, 255, 255);\">马斯洛先生所创建的人的基本需要的“金字塔”理论，就是这样一个伟大的学说。他研究了很多人的行为和动机，特别是那些自我实现程度很高的人，之后得出了一个结论。简言之，就是在我们人类的精神内核中存在着一个内在需要的金字塔，分成了五个台阶。</p><p style=\"text-align:center\"><img src=\"http://localhost:8080/news/upload/image/news/20170607/1496826259596073092.jpg\" title=\"1496826259596073092.jpg\"/></p><p><br/></p><p><br/></p><ul class=\" list-paddingleft-2\" style=\"list-style-type: square;\"><li><p style=\"margin-top: 0px; margin-bottom: 0px; padding: 0px;\"><span style=\"font-weight: 700;\">在第一个台阶上，是我们的温饱需要——最基本的生存之道。</span>饥肠辘辘，你今晚吃什么饭？是人的第一考虑。寒冬腊月，你今夜睡在哪里？是火车站的长凳还是马路上的水泥管？这都是头等大事。</p></li><li><p style=\"margin-top: 0px; margin-bottom: 0px; padding: 0px;\"><span style=\"font-weight: 700;\">当这个需要满足之后，紧接着就是安全的需要了。</span>你有了吃、有了住，你今天的生命有了保障，可是如果你被其他的人或动物或自然界的恶劣条件所侵犯，你远期的生命就陷在水深火热之中了。因此，一旦温饱不成问题，人马上就考虑安全系数。这一点，如果你不相信，尽可以放眼看去，马上能看到富人区森严的安保设施和世上风行的形形色色的自卫器械。当你从一个熟识的环境换到一个新环境，那种不安和紧张，与陌生人交谈时的畏葸和不自在，如此等等，都从另一个方面证实了安全对人的重要性。</p></li><li><p style=\"margin-top: 0px; margin-bottom: 0px; padding: 0px;\">现在我们已经到了金字塔的第三台阶。<span style=\"font-weight: 700;\">在这个台阶上大大地写着“爱”。</span>这不仅是男女之爱、亲子之爱、手足之爱……这些源于血缘和繁衍的爱意，还有同伴之爱、集体之爱、祖国之爱、民族之爱、文化之爱……总之，这里所提到的“爱”，有着宽泛的含义，但它是那样不可或缺，是人类精神活动的高级需要。我们常常说，一个不懂得爱的人是灰暗和孤独的。也就是说，人的精神需要如果不能完成这种超越和提升，就是饱含瑕疵的半成品。</p></li><li><p style=\"margin-top: 0px; margin-bottom: 0px; padding: 0px;\"><span style=\"font-weight: 700;\">爱之高处，就是尊严感了。</span>人是一种特殊的动物，人是有尊严感的。一只虫子可以没有尊严，一株树木可以没有尊严，但是一个人不是这样。如果丧失了尊严感，那就不是一个完整的人了。中国的古话里有“不吃嗟来之食”，有“士可杀不可辱”，有“君子一言，驷马难追”，等等，讲的都是尊严的问题。</p></li><li><p style=\"margin-top: 0px; margin-bottom: 0px; padding: 0px;\"><span style=\"font-weight: 700;\">在金字塔的最高点，屹立着自我价值的体现和追求。</span>什么是自我价值的最高体现——那就是充满了创造性的劳动。我以为劳动是有高下之分的，不是指在价值层面上，而是指在带给人的由衷喜悦程度上。你可以想象并同意，一个科学家在得不到任何报酬的情形下，不倦地研究某一个与现实相隔十万八千里的学术问题，比如“哥德巴赫猜想”，为自己换不到一块窝窝头，但毫无疑问陈景润乐在其中；你基本上不能同意一位老农在得知三年没有人收购麦子的情况下，除了自己够吃之外还会不辞劳苦地广撒麦种。在前者，创造性的劳动里面蕴含着极大的挑战和快乐；在后者，则充斥着重复性劳动的艰辛和疲惫。</p></li></ul><p style=\"margin-top: 16px; margin-bottom: 16px; padding: 0px; color: rgb(34, 34, 34); font-family: &quot;PingFang SC&quot;, &quot;Hiragino Sans GB&quot;, &quot;Microsoft YaHei&quot;, &quot;WenQuanYi Micro Hei&quot;, &quot;Helvetica Neue&quot;, Arial, sans-serif; white-space: normal; background-color: rgb(255, 255, 255);\">人类精神需要的金字塔，在某种意义上讲，是一种铁律，几乎是不可逃避的。当然，我们不能想象一个人在自己的温饱都得不到保障的时候，能够像斯蒂芬·霍金那样去研究宇宙大爆炸这样的问题。这也就是鲁迅先生所说的：年轻人，一是要生存，二是要发展。</p><p style=\"text-align:center\"><img src=\"http://localhost:8080/news/upload/image/news/20170607/1496826259604027558.jpg\" title=\"1496826259604027558.jpg\"/></p><p style=\"margin-top: 16px; margin-bottom: 16px; padding: 0px; color: rgb(34, 34, 34); font-family: &quot;PingFang SC&quot;, &quot;Hiragino Sans GB&quot;, &quot;Microsoft YaHei&quot;, &quot;WenQuanYi Micro Hei&quot;, &quot;Helvetica Neue&quot;, Arial, sans-serif; white-space: normal; background-color: rgb(255, 255, 255);\">有一个顺序，有孰先孰后的问题。在解决了温饱和安全这些最基本的生存需要之后，你必定要不满足，你必定要有新的追求。人类精神发育的法则，你是绕不过去的。你吃得饱了，你睡得暖了，你有大房子了，你安居乐业了，你很有安全的保障了……可是，我敢说，在心底最深邃的地方，你有火焰一样的躁动，你如果无法满足它，你就没有恒久的快乐。</p><p style=\"margin-top: 16px; margin-bottom: 16px; padding: 0px; color: rgb(34, 34, 34); font-family: &quot;PingFang SC&quot;, &quot;Hiragino Sans GB&quot;, &quot;Microsoft YaHei&quot;, &quot;WenQuanYi Micro Hei&quot;, &quot;Helvetica Neue&quot;, Arial, sans-serif; white-space: normal; background-color: rgb(255, 255, 255);\">让我们回到本文开端所引用的马斯洛的那段话。</p><p style=\"margin-top: 16px; margin-bottom: 16px; padding: 0px; color: rgb(34, 34, 34); font-family: &quot;PingFang SC&quot;, &quot;Hiragino Sans GB&quot;, &quot;Microsoft YaHei&quot;, &quot;WenQuanYi Micro Hei&quot;, &quot;Helvetica Neue&quot;, Arial, sans-serif; white-space: normal; background-color: rgb(255, 255, 255);\"><span style=\"font-weight: 700;\">你以为你逃避了风险，你以为你躲避了责任，你以为你成功地掩饰了自己的才华，你以为你心甘情愿地收敛包裹自己，你就可以在人们的艳羡之中安安稳稳地过一生了吗？</span></p><p style=\"margin-top: 16px; margin-bottom: 16px; padding: 0px; color: rgb(34, 34, 34); font-family: &quot;PingFang SC&quot;, &quot;Hiragino Sans GB&quot;, &quot;Microsoft YaHei&quot;, &quot;WenQuanYi Micro Hei&quot;, &quot;Helvetica Neue&quot;, Arial, sans-serif; white-space: normal; background-color: rgb(255, 255, 255);\">我相信，你可以用奢华的装备和风流倜傥的举止成功地欺骗几乎所有的人，包括和你至亲至爱之人，但是，每每月朗星稀之时，你永远欺骗不了的一个人，就会在你独处的时候顽强地站在你的面前，拷问你、鞭挞你、谴责你、纠正你……这个人不是别人，正是你自己！由于每一个人都是那样与众不同，由于你所具有的内在生命力一直在熊熊燃烧，所以，当你完成了自己人生的台阶之后，你就要向上攀登。你只有在这种不倦的探索中才能丰富自己的人生，才能得到生命的欢愉，才能感觉到自己内在的充实和价值。</p><p style=\"margin-top: 16px; margin-bottom: 16px; padding: 0px; color: rgb(34, 34, 34); font-family: &quot;PingFang SC&quot;, &quot;Hiragino Sans GB&quot;, &quot;Microsoft YaHei&quot;, &quot;WenQuanYi Micro Hei&quot;, &quot;Helvetica Neue&quot;, Arial, sans-serif; white-space: normal; background-color: rgb(255, 255, 255);\"><span style=\"font-weight: 700;\">人是追求创造性快乐的动物，如同飞越大洋的候鸟脑内的罗盘，掌控着我们的一系列选择和决定。</span>你一生将成为怎样的人？在你的价值体系里是怎样的顺序？这些看起来很浩大很空茫的标准，实际上很细致地决定着我们工作、学习、生活的各个层面。</p><p style=\"margin-top: 16px; margin-bottom: 16px; padding: 0px; color: rgb(34, 34, 34); font-family: &quot;PingFang SC&quot;, &quot;Hiragino Sans GB&quot;, &quot;Microsoft YaHei&quot;, &quot;WenQuanYi Micro Hei&quot;, &quot;Helvetica Neue&quot;, Arial, sans-serif; white-space: normal; background-color: rgb(255, 255, 255);\">记得我在北大讲演的时候，有同学递上来一张字条，上面写着：“我智商很高，从小到大一直是班干部，考上北大更证明了我的实力。只要我愿意，继续读硕士和博士都不成问题。你说，我选择金钱作为我一生奋斗的目标，你看怎样？”我把这张字条念了。我说，我很感谢这位同学对我的信任，人生的价值是多元的，以金钱为自己终生的奋斗目标，也大有人在。但我以为，金钱只是手段，在它之后，还有更为深远的目标在导引着你。如果你唯钱是图，那么，你的周围将没有真正的朋友。因为古往今来，已经无数次地证明了，在金钱的旗帜下会聚拢来很多无耻小人。同时，你很可能得不到真正的爱情。因为爱情可以被金钱出卖，却不可被金钱所购买。那个爱上你的人，有可能不是爱你本人，而是爱上了你的信用卡。如果你把金钱当成了证明你的自我价值的工具，我要说，除了单一和狭隘，还有一种盲从，你用世俗的标准代替了内在的准星。</p><p style=\"margin-top: 16px; margin-bottom: 16px; padding: 0px; color: rgb(34, 34, 34); font-family: &quot;PingFang SC&quot;, &quot;Hiragino Sans GB&quot;, &quot;Microsoft YaHei&quot;, &quot;WenQuanYi Micro Hei&quot;, &quot;Helvetica Neue&quot;, Arial, sans-serif; white-space: normal; background-color: rgb(255, 255, 255);\">我翻阅了几期《华融之声》，看到华融人的志气和理想。</p><p style=\"text-align:center\"><img src=\"http://localhost:8080/news/upload/image/news/20170607/1496826259615402678.jpg\" title=\"1496826259615402678.jpg\"/></p><p style=\"margin-top: 16px; margin-bottom: 16px; padding: 0px; color: rgb(34, 34, 34); font-family: &quot;PingFang SC&quot;, &quot;Hiragino Sans GB&quot;, &quot;Microsoft YaHei&quot;, &quot;WenQuanYi Micro Hei&quot;, &quot;Helvetica Neue&quot;, Arial, sans-serif; white-space: normal; background-color: rgb(255, 255, 255);\">谈到从工商银行调到华融来的理由，最主要的是期望自己的能力得到更好的发展。我觉得这是很好的理由，是内心和外在的统一，是朝着自我实现路上的迈进。当然了，自我实现的路，绝不会是一帆风顺的。我们常常会遭遇到挫折和失败，但人生的价值并不在于永远是胜利和成功，而在于这个过程当中我们得到了独一无二的属于自己的体验。</p><p><br/></p>', '情感', '5');
INSERT INTO `news` VALUES ('59', '18', '2017-06-07 17:07:13', '你读过最美的一句话是什么？', '<p style=\"margin-top: 0px; margin-bottom: 20px; padding: 0px; line-height: 28px; word-wrap: break-word; color: rgb(51, 51, 51); font-family: &quot;PingFang SC&quot;, &quot;Hiragino Sans GB&quot;, &quot;Microsoft YaHei&quot;, &quot;WenQuanYi Micro Hei&quot;, &quot;Helvetica Neue&quot;, Arial, sans-serif; white-space: normal; background-color: rgb(255, 255, 255);\">1.从前的日色变得慢</p><p style=\"margin-top: 0px; margin-bottom: 20px; padding: 0px; line-height: 28px; word-wrap: break-word; color: rgb(51, 51, 51); font-family: &quot;PingFang SC&quot;, &quot;Hiragino Sans GB&quot;, &quot;Microsoft YaHei&quot;, &quot;WenQuanYi Micro Hei&quot;, &quot;Helvetica Neue&quot;, Arial, sans-serif; white-space: normal; background-color: rgb(255, 255, 255);\">车，马，邮件都慢</p><p style=\"margin-top: 0px; margin-bottom: 20px; padding: 0px; line-height: 28px; word-wrap: break-word; color: rgb(51, 51, 51); font-family: &quot;PingFang SC&quot;, &quot;Hiragino Sans GB&quot;, &quot;Microsoft YaHei&quot;, &quot;WenQuanYi Micro Hei&quot;, &quot;Helvetica Neue&quot;, Arial, sans-serif; white-space: normal; background-color: rgb(255, 255, 255);\">一生只够爱一个人 ——木心《从前慢》</p><p style=\"margin-top: 0px; margin-bottom: 20px; padding: 0px; line-height: 28px; word-wrap: break-word; color: rgb(51, 51, 51); font-family: &quot;PingFang SC&quot;, &quot;Hiragino Sans GB&quot;, &quot;Microsoft YaHei&quot;, &quot;WenQuanYi Micro Hei&quot;, &quot;Helvetica Neue&quot;, Arial, sans-serif; white-space: normal; background-color: rgb(255, 255, 255);\">2.既然琴瑟起，何以笙箫默</p><p style=\"margin-top: 0px; margin-bottom: 20px; padding: 0px; line-height: 28px; word-wrap: break-word; color: rgb(51, 51, 51); font-family: &quot;PingFang SC&quot;, &quot;Hiragino Sans GB&quot;, &quot;Microsoft YaHei&quot;, &quot;WenQuanYi Micro Hei&quot;, &quot;Helvetica Neue&quot;, Arial, sans-serif; white-space: normal; background-color: rgb(255, 255, 255);\">3.赌书消得泼茶香 当时只道是寻常。——纳兰容若</p><p style=\"margin-top: 0px; margin-bottom: 20px; padding: 0px; line-height: 28px; word-wrap: break-word; color: rgb(51, 51, 51); font-family: &quot;PingFang SC&quot;, &quot;Hiragino Sans GB&quot;, &quot;Microsoft YaHei&quot;, &quot;WenQuanYi Micro Hei&quot;, &quot;Helvetica Neue&quot;, Arial, sans-serif; white-space: normal; background-color: rgb(255, 255, 255);\">4.生活中只有一种英雄主义，那就是在认清生活真相以后依然热爱生活。——罗曼罗兰</p><p style=\"margin-top: 0px; margin-bottom: 20px; padding: 0px; line-height: 28px; word-wrap: break-word; color: rgb(51, 51, 51); font-family: &quot;PingFang SC&quot;, &quot;Hiragino Sans GB&quot;, &quot;Microsoft YaHei&quot;, &quot;WenQuanYi Micro Hei&quot;, &quot;Helvetica Neue&quot;, Arial, sans-serif; white-space: normal; background-color: rgb(255, 255, 255);\">5.除非黄土白骨，我守你百岁无忧。</p><p style=\"text-align:center\"><img src=\"http://localhost:8080/news/upload/image/news/20170607/1496826403833037754.jpg\" title=\"1496826403833037754.jpg\"/></p><p style=\"margin-top: 0px; margin-bottom: 20px; padding: 0px; line-height: 28px; word-wrap: break-word; color: rgb(51, 51, 51); font-family: &quot;PingFang SC&quot;, &quot;Hiragino Sans GB&quot;, &quot;Microsoft YaHei&quot;, &quot;WenQuanYi Micro Hei&quot;, &quot;Helvetica Neue&quot;, Arial, sans-serif; white-space: normal; background-color: rgb(255, 255, 255);\">6.“有人认为爱是性、是婚姻、是清晨六点的吻、是一堆孩子，也许真是这样的，莱斯特小姐。</p><p style=\"margin-top: 0px; margin-bottom: 20px; padding: 0px; line-height: 28px; word-wrap: break-word; color: rgb(51, 51, 51); font-family: &quot;PingFang SC&quot;, &quot;Hiragino Sans GB&quot;, &quot;Microsoft YaHei&quot;, &quot;WenQuanYi Micro Hei&quot;, &quot;Helvetica Neue&quot;, Arial, sans-serif; white-space: normal; background-color: rgb(255, 255, 255);\">但你知道我怎么想吗？我觉得爱是想触碰又收回手。”</p><p style=\"margin-top: 0px; margin-bottom: 20px; padding: 0px; line-height: 28px; word-wrap: break-word; color: rgb(51, 51, 51); font-family: &quot;PingFang SC&quot;, &quot;Hiragino Sans GB&quot;, &quot;Microsoft YaHei&quot;, &quot;WenQuanYi Micro Hei&quot;, &quot;Helvetica Neue&quot;, Arial, sans-serif; white-space: normal; background-color: rgb(255, 255, 255);\">——塞林格《破碎故事之心》</p><p style=\"margin-top: 0px; margin-bottom: 20px; padding: 0px; line-height: 28px; word-wrap: break-word; color: rgb(51, 51, 51); font-family: &quot;PingFang SC&quot;, &quot;Hiragino Sans GB&quot;, &quot;Microsoft YaHei&quot;, &quot;WenQuanYi Micro Hei&quot;, &quot;Helvetica Neue&quot;, Arial, sans-serif; white-space: normal; background-color: rgb(255, 255, 255);\">7.知道你在远方 希望你得到期盼的生活 想看的花都有人种 想喝的酒都有人酿 想去的城堡都轰然开门 想穿的衣服都剪裁正好 想听的歌时光为你唱很久</p><p style=\"text-align:center\"><img src=\"http://localhost:8080/news/upload/image/news/20170607/1496826403856049651.jpg\" title=\"1496826403856049651.jpg\"/></p><p style=\"margin-top: 0px; margin-bottom: 20px; padding: 0px; line-height: 28px; word-wrap: break-word; color: rgb(51, 51, 51); font-family: &quot;PingFang SC&quot;, &quot;Hiragino Sans GB&quot;, &quot;Microsoft YaHei&quot;, &quot;WenQuanYi Micro Hei&quot;, &quot;Helvetica Neue&quot;, Arial, sans-serif; white-space: normal; background-color: rgb(255, 255, 255);\">8.<span style=\"line-height: 28px;\">“我不要儿子，我要女儿——只要一个，像你的。 ”</span></p><p style=\"margin-top: 0px; margin-bottom: 20px; padding: 0px; line-height: 28px; word-wrap: break-word; color: rgb(51, 51, 51); font-family: &quot;PingFang SC&quot;, &quot;Hiragino Sans GB&quot;, &quot;Microsoft YaHei&quot;, &quot;WenQuanYi Micro Hei&quot;, &quot;Helvetica Neue&quot;, Arial, sans-serif; white-space: normal; background-color: rgb(255, 255, 255);\">--------钱钟书</p><p style=\"margin-top: 0px; margin-bottom: 20px; padding: 0px; line-height: 28px; word-wrap: break-word; color: rgb(51, 51, 51); font-family: &quot;PingFang SC&quot;, &quot;Hiragino Sans GB&quot;, &quot;Microsoft YaHei&quot;, &quot;WenQuanYi Micro Hei&quot;, &quot;Helvetica Neue&quot;, Arial, sans-serif; white-space: normal; background-color: rgb(255, 255, 255);\">9.如果我八岁我可以垫起脚亲亲你 笑着说 我好喜欢你如果我二十八岁我可以给你承诺给你家 大声告诉你我很爱你可惜我十八岁我骄傲敏感又脆弱的十八岁 所有的小心思 都给了你 请你以后 再也不要离开我——网易云音乐 Stalking Gia《Second Nature》热评</p><p style=\"margin-top: 0px; margin-bottom: 20px; padding: 0px; line-height: 28px; word-wrap: break-word; color: rgb(51, 51, 51); font-family: &quot;PingFang SC&quot;, &quot;Hiragino Sans GB&quot;, &quot;Microsoft YaHei&quot;, &quot;WenQuanYi Micro Hei&quot;, &quot;Helvetica Neue&quot;, Arial, sans-serif; white-space: normal; background-color: rgb(255, 255, 255);\">10.“春水初生，春林初盛，春风十里，不如你。愿有岁月可回首，且以深情共白头。”</p><p><br/></p>', '情感', '5');
INSERT INTO `news` VALUES ('60', '18', '2017-06-07 17:10:29', '摘抄些唯美的句子，建议收藏', '<p style=\"margin-top: 16px; margin-bottom: 16px; padding: 0px; color: rgb(34, 34, 34); font-family: &quot;PingFang SC&quot;, &quot;Hiragino Sans GB&quot;, &quot;Microsoft YaHei&quot;, &quot;WenQuanYi Micro Hei&quot;, &quot;Helvetica Neue&quot;, Arial, sans-serif; white-space: normal; background-color: rgb(255, 255, 255);\">1、心里有太阳，眼前有希望，家人都安康，自己要善良，这，就是我的信仰。</p><p style=\"margin-top: 16px; margin-bottom: 16px; padding: 0px; color: rgb(34, 34, 34); font-family: &quot;PingFang SC&quot;, &quot;Hiragino Sans GB&quot;, &quot;Microsoft YaHei&quot;, &quot;WenQuanYi Micro Hei&quot;, &quot;Helvetica Neue&quot;, Arial, sans-serif; white-space: normal; background-color: rgb(255, 255, 255);\">2、承认现实生活中的不足之处，并通过自己的努力去弥补这种不足。</p><p style=\"text-align:center\"><img src=\"http://localhost:8080/news/upload/image/news/20170607/1496826596757059315.jpg\" title=\"1496826596757059315.jpg\"/></p><p style=\"margin-top: 16px; margin-bottom: 16px; padding: 0px; color: rgb(34, 34, 34); font-family: &quot;PingFang SC&quot;, &quot;Hiragino Sans GB&quot;, &quot;Microsoft YaHei&quot;, &quot;WenQuanYi Micro Hei&quot;, &quot;Helvetica Neue&quot;, Arial, sans-serif; white-space: normal; background-color: rgb(255, 255, 255);\">3、为一个不可能的缘，等一个不可能的人。许一个不可能的愿，留一个不可能的念。</p><p style=\"margin-top: 16px; margin-bottom: 16px; padding: 0px; color: rgb(34, 34, 34); font-family: &quot;PingFang SC&quot;, &quot;Hiragino Sans GB&quot;, &quot;Microsoft YaHei&quot;, &quot;WenQuanYi Micro Hei&quot;, &quot;Helvetica Neue&quot;, Arial, sans-serif; white-space: normal; background-color: rgb(255, 255, 255);\">4、什么笑而不语，只是无话可说；什么心已死亡，只是不敢相信。</p><p style=\"text-align:center\"><img src=\"http://localhost:8080/news/upload/image/news/20170607/1496826596774087914.jpg\" title=\"1496826596774087914.jpg\"/></p><p style=\"margin-top: 16px; margin-bottom: 16px; padding: 0px; color: rgb(34, 34, 34); font-family: &quot;PingFang SC&quot;, &quot;Hiragino Sans GB&quot;, &quot;Microsoft YaHei&quot;, &quot;WenQuanYi Micro Hei&quot;, &quot;Helvetica Neue&quot;, Arial, sans-serif; white-space: normal; background-color: rgb(255, 255, 255);\">5、生活不会因为某个节点而变得与众不同，未来的幸运，都是过往努力的积攒。</p><p style=\"margin-top: 16px; margin-bottom: 16px; padding: 0px; color: rgb(34, 34, 34); font-family: &quot;PingFang SC&quot;, &quot;Hiragino Sans GB&quot;, &quot;Microsoft YaHei&quot;, &quot;WenQuanYi Micro Hei&quot;, &quot;Helvetica Neue&quot;, Arial, sans-serif; white-space: normal; background-color: rgb(255, 255, 255);\">6、没人能插手你的人生，塑造自己过程很疼，但最终你能收获一个更好的自己。</p><p style=\"margin-top: 16px; margin-bottom: 16px; padding: 0px; color: rgb(34, 34, 34); font-family: &quot;PingFang SC&quot;, &quot;Hiragino Sans GB&quot;, &quot;Microsoft YaHei&quot;, &quot;WenQuanYi Micro Hei&quot;, &quot;Helvetica Neue&quot;, Arial, sans-serif; white-space: normal; background-color: rgb(255, 255, 255);\">7、生命必须有裂缝，阳光才能照得进来。路上有坎坷，人才变得坚强起来。</p><p style=\"text-align:center\"><img src=\"http://localhost:8080/news/upload/image/news/20170607/1496826596801088031.jpg\" title=\"1496826596801088031.jpg\"/></p><p style=\"margin-top: 16px; margin-bottom: 16px; padding: 0px; color: rgb(34, 34, 34); font-family: &quot;PingFang SC&quot;, &quot;Hiragino Sans GB&quot;, &quot;Microsoft YaHei&quot;, &quot;WenQuanYi Micro Hei&quot;, &quot;Helvetica Neue&quot;, Arial, sans-serif; white-space: normal; background-color: rgb(255, 255, 255);\">8、愿意伸出援手的，必然是舍得花时间用心思的人，更可能为帮忙费尽心机，左右托人。</p><p style=\"margin-top: 16px; margin-bottom: 16px; padding: 0px; color: rgb(34, 34, 34); font-family: &quot;PingFang SC&quot;, &quot;Hiragino Sans GB&quot;, &quot;Microsoft YaHei&quot;, &quot;WenQuanYi Micro Hei&quot;, &quot;Helvetica Neue&quot;, Arial, sans-serif; white-space: normal; background-color: rgb(255, 255, 255);\">9、真正的情谊，不是虚与委蛇，不是溜须拍马，总得双方共有进步，互相成长。</p><p style=\"margin-top: 16px; margin-bottom: 16px; padding: 0px; color: rgb(34, 34, 34); font-family: &quot;PingFang SC&quot;, &quot;Hiragino Sans GB&quot;, &quot;Microsoft YaHei&quot;, &quot;WenQuanYi Micro Hei&quot;, &quot;Helvetica Neue&quot;, Arial, sans-serif; white-space: normal; background-color: rgb(255, 255, 255);\">10、对讨厌你的人最好的反击是，保持微笑和光芒四射，他们最不希望看到这样的你。</p><p style=\"margin-top: 16px; margin-bottom: 16px; padding: 0px; color: rgb(34, 34, 34); font-family: &quot;PingFang SC&quot;, &quot;Hiragino Sans GB&quot;, &quot;Microsoft YaHei&quot;, &quot;WenQuanYi Micro Hei&quot;, &quot;Helvetica Neue&quot;, Arial, sans-serif; white-space: normal; background-color: rgb(255, 255, 255);\">11、世态炎凉，玩的起继续，玩不起出局；人心难测，知人知面难知心，掏心掏肺难握情。</p><p style=\"margin-top: 16px; margin-bottom: 16px; padding: 0px; color: rgb(34, 34, 34); font-family: &quot;PingFang SC&quot;, &quot;Hiragino Sans GB&quot;, &quot;Microsoft YaHei&quot;, &quot;WenQuanYi Micro Hei&quot;, &quot;Helvetica Neue&quot;, Arial, sans-serif; white-space: normal; background-color: rgb(255, 255, 255);\">12、不管你经历多痛的事情，到最后都会渐渐遗忘。因为，没有什么能敌得过时光。</p><p style=\"text-align:center\"><img src=\"http://localhost:8080/news/upload/image/news/20170607/1496826596801047913.jpg\" title=\"1496826596801047913.jpg\"/></p><p><br/></p>', '情感', '5');
INSERT INTO `news` VALUES ('61', '18', '2017-06-07 17:15:13', '哈尼族的传统节日！', '<p style=\"margin-top: 16px; margin-bottom: 16px; padding: 0px; color: rgb(34, 34, 34); font-family: &quot;PingFang SC&quot;, &quot;Hiragino Sans GB&quot;, &quot;Microsoft YaHei&quot;, &quot;WenQuanYi Micro Hei&quot;, &quot;Helvetica Neue&quot;, Arial, sans-serif; white-space: normal; background-color: rgb(255, 255, 255);\">哈尼族是我国西南边疆古老的民族之一，中华人民共和国成立后，根据本民族的共同意愿，统一族名为“哈尼族”。哈尼族世代生息在巍峨苍郁的哀牢群山之中，绝大部分分布在云南省南部红河与澜沧江的中间地带。其中，牢山区的元江、墨江、红河、元阳、金平、绿春、江城等县，是哈尼族人口最集中的地区，占当地人口的一半以上，占哈尼族总人口的76%，其余分布在无量山区、红河以东各县。</p><p style=\"margin-top: 16px; margin-bottom: 16px; padding: 0px; color: rgb(34, 34, 34); font-family: &quot;PingFang SC&quot;, &quot;Hiragino Sans GB&quot;, &quot;Microsoft YaHei&quot;, &quot;WenQuanYi Micro Hei&quot;, &quot;Helvetica Neue&quot;, Arial, sans-serif; white-space: normal; background-color: rgb(255, 255, 255);\">哈尼族有自己的语言，属汉藏语系藏缅语族。以前哈尼族没有自己的文字，有些地方以刻木结绳记事，1975年始创拉丁字母拼音文字。</p><p style=\"margin-top: 16px; margin-bottom: 16px; padding: 0px; color: rgb(34, 34, 34); font-family: &quot;PingFang SC&quot;, &quot;Hiragino Sans GB&quot;, &quot;Microsoft YaHei&quot;, &quot;WenQuanYi Micro Hei&quot;, &quot;Helvetica Neue&quot;, Arial, sans-serif; white-space: normal; background-color: rgb(255, 255, 255);\">哈尼族服装用料主要是自纺的靛染土布。其纺织、靛染原料都来自于自家梯田及村寨周边的经济林。哈尼族男子多穿对襟上衣和长裤，衣服上镶彩色花边。西双版纳及澜沧江一带妇女下穿短裙，裹护腿，头戴镶有小银泡的圆帽。哈尼族服饰的纷繁，要体现于妇女。申报地一带的哈尼族妇女，普遍喜穿短衣长裤。短衣斜襟无领，腋下一扣紧衣，外配一坎肩，坎肩无扣;长裤为大腰、大裤档、大裤脚、直筒裤。上紧下松的服装特点，一是为在山高谷深的自然环境中，上坡下坡行走方便;二是便于梯田中的农业生产，体现出哈尼族服装对于哀牢山自然环境与梯田稻作农业的适应性。</p><p style=\"margin-top: 16px; margin-bottom: 16px; padding: 0px; color: rgb(34, 34, 34); font-family: &quot;PingFang SC&quot;, &quot;Hiragino Sans GB&quot;, &quot;Microsoft YaHei&quot;, &quot;WenQuanYi Micro Hei&quot;, &quot;Helvetica Neue&quot;, Arial, sans-serif; white-space: normal; background-color: rgb(255, 255, 255);\">哈尼山寨一般建在朝阳、开阔、凉爽并有泉水的山梁或半山腰，往往依山势建立村寨，每寨少则几户人家，多则近千户。沿着崎岖的山路，走进哈尼村寨，你会看到村前梯田层层，村后是郁郁葱葱的古木丛林或灌木山坡。村寨四周种植棕桐、竹，以及梨、李、桃、柿等果木树和靛青。寨子边沿的磨秋场(“苦扎扎”节日期间众人娱乐场地)上竖着一根高约2米、直径25厘米的木桩，称“磨秋桩”，作为村寨的标志。哈尼族人民的住房风格较多地反映出农耕生活的特点，有土掌房、土木结构草顶楼房、干栏或竹木结构楼房等几种。</p><p style=\"margin-top: 16px; margin-bottom: 16px; padding: 0px; color: rgb(34, 34, 34); font-family: &quot;PingFang SC&quot;, &quot;Hiragino Sans GB&quot;, &quot;Microsoft YaHei&quot;, &quot;WenQuanYi Micro Hei&quot;, &quot;Helvetica Neue&quot;, Arial, sans-serif; white-space: normal; background-color: rgb(255, 255, 255);\">大米和玉米是哈尼族常年的主食，逢年过节吃糯米饭和粑粑。红河南岸的哈尼族善于用发酵的黄豆渗合豆秆灰制作具有特殊风味的豆豉，几乎每餐用以佐食，被专称为“哈尼豆豉”。哈尼族也喜欢吃酸、辣食品，善腌酸菜，注意调味，都会用玉米酿造白酒，野菜作汤，用带有香味的叶子放在蔬菜中作调味品。</p><p style=\"margin-top: 16px; margin-bottom: 16px; padding: 0px; color: rgb(34, 34, 34); font-family: &quot;PingFang SC&quot;, &quot;Hiragino Sans GB&quot;, &quot;Microsoft YaHei&quot;, &quot;WenQuanYi Micro Hei&quot;, &quot;Helvetica Neue&quot;, Arial, sans-serif; white-space: normal; background-color: rgb(255, 255, 255);\">哈尼族很敬重舅舅的权力，有一种阿威沙的风俗。阿威沙是哈尼语音译，意为认舅舅。</p><p style=\"margin-top: 16px; margin-bottom: 16px; padding: 0px; color: rgb(34, 34, 34); font-family: &quot;PingFang SC&quot;, &quot;Hiragino Sans GB&quot;, &quot;Microsoft YaHei&quot;, &quot;WenQuanYi Micro Hei&quot;, &quot;Helvetica Neue&quot;, Arial, sans-serif; white-space: normal; background-color: rgb(255, 255, 255);\">居住在滇南红河一带的哈尼族盛行这种风俗。民谣说:“舅舅不大，外甥不长”，“天上太阳最高，地上数舅舅最大”。哈尼族人家生下孩子后，不论是男是女，都要在孩子第一次遇上岁首时举行认舅舅仪式。当天早上，家中老人将孩子穿戴一新，洗净脸后在脑门中心点一点锅底灰，帽上系一枚大蒜，一枝红泡刺，以示辟邪。太阳出来后，母亲用一床绣有花鸟鱼草图案的被子包好并背起孩子，肩挎蓝布筒帕，内装三五斤炒黄豆、两个熟鸡蛋和一包糯米饭，手持一把白阳伞，再带一把锯镰，向孩子的舅舅家走去。凡途中遇上迎面来的人，不分男女和民族，不论认识与否，母亲要满面笑容地抓一把黄豆送上，路过的人也必须接受，并向孩子说一两句祝福的话。母亲经过小溪或小河时，要找一块扁平圆滑的小石子扔过去一，看清石子落在什么地方。过河后又将这块石子捡起，放在一个稳妥的地方，然后坐下来休息，并吃自带的鸡蛋和糯米饭，并将蛋壳放在桥头边上，与桥共享美。此时如有路人相逢，也一定要邀他同食。</p><p style=\"margin-top: 16px; margin-bottom: 16px; padding: 0px; color: rgb(34, 34, 34); font-family: &quot;PingFang SC&quot;, &quot;Hiragino Sans GB&quot;, &quot;Microsoft YaHei&quot;, &quot;WenQuanYi Micro Hei&quot;, &quot;Helvetica Neue&quot;, Arial, sans-serif; white-space: normal; background-color: rgb(255, 255, 255);\">到了舅舅家，外公、外婆、舅舅、舅母一一抱过孩子，十分亲热慈爱。舅舅要特意给外甥一只乌骨小麻母鸡、一个小巧别致的水罐，作为礼品。在舅家住上三五日后，即返回。民间认为，孩子是由母亲生的，而母亲来自舅舅家，没有舅舅家的血统就没有生身的母亲，因此孩子虽然在父亲家中生长，但必须通过“认舅舅”的礼俗来确认和铭记生身母亲的血缘祖根。</p><p style=\"margin-top: 16px; margin-bottom: 16px; padding: 0px; color: rgb(34, 34, 34); font-family: &quot;PingFang SC&quot;, &quot;Hiragino Sans GB&quot;, &quot;Microsoft YaHei&quot;, &quot;WenQuanYi Micro Hei&quot;, &quot;Helvetica Neue&quot;, Arial, sans-serif; white-space: normal; background-color: rgb(255, 255, 255);\">哈尼族十分重视男女婚恋的喜庆活动。居住在红河边上的哈尼族支系叶车人，往往以配对就宴的方式选择恋人。一般在配对就宴前，男方在征得女方应诺后，由小伙子凑钱，请烹调师傅主厨，杀公鸡、煮肥肉、炒菜、打酒、泡糯米进行准备。夜里10点钟左右开宴，参加者约10~30人，围观者熙熙攘攘。届时灯火通明，桌上摆满各式菜肴。由“小伙子头”和“姑娘头”从首席坐起，其余男女依次配对人坐，随后举杯祝酒对歌，尽兴方散。这时小伙子们用芭蕉叶包上糯米饭和菜送给姑娘们在回家的路上吃。如男女双方情意合，可相约下次会面的时间。当地人称这种求爱方式为“阿巴多”，常为农闲时举行。</p><p style=\"margin-top: 16px; margin-bottom: 16px; padding: 0px; color: rgb(34, 34, 34); font-family: &quot;PingFang SC&quot;, &quot;Hiragino Sans GB&quot;, &quot;Microsoft YaHei&quot;, &quot;WenQuanYi Micro Hei&quot;, &quot;Helvetica Neue&quot;, Arial, sans-serif; white-space: normal; background-color: rgb(255, 255, 255);\">哈尼族的家庭形式是一夫一妻制家庭。男女青年在婚前都享有充分的社交自由，俗称“串姑娘”。在“串姑娘”的过程中，如男女青年互相爱慕后，男方即托媒人到女方家说亲。</p><p style=\"margin-top: 16px; margin-bottom: 16px; padding: 0px; color: rgb(34, 34, 34); font-family: &quot;PingFang SC&quot;, &quot;Hiragino Sans GB&quot;, &quot;Microsoft YaHei&quot;, &quot;WenQuanYi Micro Hei&quot;, &quot;Helvetica Neue&quot;, Arial, sans-serif; white-space: normal; background-color: rgb(255, 255, 255);\">哈尼族多信仰多神和祖先崇拜。认为天地之间存在着强有力的天神、地神、龙树神和具有保护神性质的寨神、家神等。</p><p style=\"margin-top: 16px; margin-bottom: 16px; padding: 0px; color: rgb(34, 34, 34); font-family: &quot;PingFang SC&quot;, &quot;Hiragino Sans GB&quot;, &quot;Microsoft YaHei&quot;, &quot;WenQuanYi Micro Hei&quot;, &quot;Helvetica Neue&quot;, Arial, sans-serif; white-space: normal; background-color: rgb(255, 255, 255);\">姑娘节</p><p style=\"margin-top: 16px; margin-bottom: 16px; padding: 0px; color: rgb(34, 34, 34); font-family: &quot;PingFang SC&quot;, &quot;Hiragino Sans GB&quot;, &quot;Microsoft YaHei&quot;, &quot;WenQuanYi Micro Hei&quot;, &quot;Helvetica Neue&quot;, Arial, sans-serif; white-space: normal; background-color: rgb(255, 255, 255);\">云南省元阳县碧播山一带哈尼族民间传统节日，每年农历二月初四日举行。</p><p style=\"margin-top: 16px; margin-bottom: 16px; padding: 0px; color: rgb(34, 34, 34); font-family: &quot;PingFang SC&quot;, &quot;Hiragino Sans GB&quot;, &quot;Microsoft YaHei&quot;, &quot;WenQuanYi Micro Hei&quot;, &quot;Helvetica Neue&quot;, Arial, sans-serif; white-space: normal; background-color: rgb(255, 255, 255);\">关于这个节日有个传说:相传古时候，碧播寨有一个美丽的姑娘，她与一个英俊的青年猎手相爱了，但她的父母不允许，硬把她许给了土司的独眼儿子，姑娘悲痛欲绝。二月初四这一天，她上山砍柴，遇见了三个与她命运相同的姑娘，于是她们互相诉苦，最后，一起跳崖自杀了。事情过后，哈尼族人觉得这是很痛心的事，认为不该再继续干涉自己儿女的婚姻，于是，把二月初四这一天定为姑娘节。节日这天，未婚的小伙子向情人借来漂亮衣裤，打扮成姑娘的模样，翩翩起舞陪伴情人，直到太阳偏西。已婚的男人这天要特别勤快，他们要为自己的妻子服务一天。</p><p style=\"margin-top: 16px; margin-bottom: 16px; padding: 0px; color: rgb(34, 34, 34); font-family: &quot;PingFang SC&quot;, &quot;Hiragino Sans GB&quot;, &quot;Microsoft YaHei&quot;, &quot;WenQuanYi Micro Hei&quot;, &quot;Helvetica Neue&quot;, Arial, sans-serif; white-space: normal; background-color: rgb(255, 255, 255);\">祭龙</p><p style=\"margin-top: 16px; margin-bottom: 16px; padding: 0px; color: rgb(34, 34, 34); font-family: &quot;PingFang SC&quot;, &quot;Hiragino Sans GB&quot;, &quot;Microsoft YaHei&quot;, &quot;WenQuanYi Micro Hei&quot;, &quot;Helvetica Neue&quot;, Arial, sans-serif; white-space: normal; background-color: rgb(255, 255, 255);\">云南省哈尼族祭祀节日，每年农历二三月间举行，节期为一天。</p><p style=\"margin-top: 16px; margin-bottom: 16px; padding: 0px; color: rgb(34, 34, 34); font-family: &quot;PingFang SC&quot;, &quot;Hiragino Sans GB&quot;, &quot;Microsoft YaHei&quot;, &quot;WenQuanYi Micro Hei&quot;, &quot;Helvetica Neue&quot;, Arial, sans-serif; white-space: normal; background-color: rgb(255, 255, 255);\">哈尼族认为龙是他们的保护神。关于祭龙，有这样的一个传说:古时候，哈尼族的祖先来到哀牢山时，有个山魔天天来到寨子骚扰村民，还要村子每年二月给他送一个姑娘。后来有个叫碑娘的寡妇，将自己的两个儿子打扮成姑娘，送给山魔，夜晚，当山魔喝醉后，两个小伙子拔出刀子刺杀山魔，山魔被杀，她的两个儿子也力竭而亡。为了纪念这两个小伙子，人们举行这个节日。节日这天，全寨杀牲祭祀，并选出两个小伙子装扮成姑娘，在人们的簇拥下巡游寨子一周。这天，青年人还要骑魔秋。此外，还要举行赛歌、跳舞等活动。</p><p style=\"margin-top: 16px; margin-bottom: 16px; padding: 0px; color: rgb(34, 34, 34); font-family: &quot;PingFang SC&quot;, &quot;Hiragino Sans GB&quot;, &quot;Microsoft YaHei&quot;, &quot;WenQuanYi Micro Hei&quot;, &quot;Helvetica Neue&quot;, Arial, sans-serif; white-space: normal; background-color: rgb(255, 255, 255);\">龙笆节</p><p style=\"margin-top: 16px; margin-bottom: 16px; padding: 0px; color: rgb(34, 34, 34); font-family: &quot;PingFang SC&quot;, &quot;Hiragino Sans GB&quot;, &quot;Microsoft YaHei&quot;, &quot;WenQuanYi Micro Hei&quot;, &quot;Helvetica Neue&quot;, Arial, sans-serif; white-space: normal; background-color: rgb(255, 255, 255);\">云南省哈尼族传统节日，每年农历三月中旬由寨里的“龙笆头”择具体日期举行。过节的目的就是告知人们，从此时起已经进人了农忙时期。</p><p style=\"margin-top: 16px; margin-bottom: 16px; padding: 0px; color: rgb(34, 34, 34); font-family: &quot;PingFang SC&quot;, &quot;Hiragino Sans GB&quot;, &quot;Microsoft YaHei&quot;, &quot;WenQuanYi Micro Hei&quot;, &quot;Helvetica Neue&quot;, Arial, sans-serif; white-space: normal; background-color: rgb(255, 255, 255);\">节日期间全寨的人一起动手，在寨子四周插上龙笆。龙笆的起点安放一个由“龙笆头”亲手制作的大龙头和一对木头人，大龙头安放在门头上，木头人安放在门里的土坎上。卧龙表示风调雨顺的好年景，一对木头人则是警告所有的青年，从此时起不准再走村串寨谈恋爱。节日里，村寨里充满了庄重而愉快的气氛，男女老少都手持一件木制的“工艺品”。壮汉举起火铣对空鸣放，以示吉祥。姑娘们也在暗暗地物色着自己的终身伴侣。节日里，外族人是不准进寨的，否则丰收的年景就会被冲掉，并给全寨带来灾难。节日一过，全寨人便在龙笆头的带领下，开始去田间耕作。从此，除有要事外，所有人在大忙期间不能随便外出。</p><p style=\"text-align:center\"><img src=\"http://localhost:8080/news/upload/image/news/20170607/1496826879188098470.jpg\" title=\"1496826879188098470.jpg\"/></p><p style=\"margin-top: 16px; margin-bottom: 16px; padding: 0px; color: rgb(34, 34, 34); font-family: &quot;PingFang SC&quot;, &quot;Hiragino Sans GB&quot;, &quot;Microsoft YaHei&quot;, &quot;WenQuanYi Micro Hei&quot;, &quot;Helvetica Neue&quot;, Arial, sans-serif; white-space: normal; background-color: rgb(255, 255, 255);\">里玛主节</p><p style=\"margin-top: 16px; margin-bottom: 16px; padding: 0px; color: rgb(34, 34, 34); font-family: &quot;PingFang SC&quot;, &quot;Hiragino Sans GB&quot;, &quot;Microsoft YaHei&quot;, &quot;WenQuanYi Micro Hei&quot;, &quot;Helvetica Neue&quot;, Arial, sans-serif; white-space: normal; background-color: rgb(255, 255, 255);\">哈尼语，意思是春天的盛会。又称黄饭节或开秧门节。云南省红河一带哈尼族节日。</p><p style=\"margin-top: 16px; margin-bottom: 16px; padding: 0px; color: rgb(34, 34, 34); font-family: &quot;PingFang SC&quot;, &quot;Hiragino Sans GB&quot;, &quot;Microsoft YaHei&quot;, &quot;WenQuanYi Micro Hei&quot;, &quot;Helvetica Neue&quot;, Arial, sans-serif; white-space: normal; background-color: rgb(255, 255, 255);\">每年农历四月羊日举行，节期一天。哈尼族崇奉布谷鸟，将其尊为“合波阿玛”。据说布谷鸟是受天神派遣，从遥远的天边岩洞里飞出来的向人间传递春天的信息。每年阳春三月，不论男女老少，只要是听到布谷鸟的叫声，人人都会回答:“我听见了!”表示对春天的欢呼。民间认为这一声可使农家五谷丰登，六畜兴旺，终年和平安康。当村中的大多数人听到布谷鸟的叫声，人们便相约在四月的羊日，用一种乔木花汁浸泡播米，蒸出香甜的黄糯米饭，再煮鸭蛋染红，以及其他的美味，一起敬献给布谷鸟。节日当天，人们穿上盛装，聚集在一起谈笑风生。节后，各家长选定一个好日子，在雀鸟尚未出巢，山野一片寂静的五更时候，由家长悄悄地将三丛秧苗插在自家地里，意为“开秧门”，从此开始插秧。</p><p style=\"margin-top: 16px; margin-bottom: 16px; padding: 0px; color: rgb(34, 34, 34); font-family: &quot;PingFang SC&quot;, &quot;Hiragino Sans GB&quot;, &quot;Microsoft YaHei&quot;, &quot;WenQuanYi Micro Hei&quot;, &quot;Helvetica Neue&quot;, Arial, sans-serif; white-space: normal; background-color: rgb(255, 255, 255);\">五月年</p><p style=\"margin-top: 16px; margin-bottom: 16px; padding: 0px; color: rgb(34, 34, 34); font-family: &quot;PingFang SC&quot;, &quot;Hiragino Sans GB&quot;, &quot;Microsoft YaHei&quot;, &quot;WenQuanYi Micro Hei&quot;, &quot;Helvetica Neue&quot;, Arial, sans-serif; white-space: normal; background-color: rgb(255, 255, 255);\">五月年又称“雅卡皮罗”，意为“栽谷年”。云南省哈尼族的民间传统节日。</p><p style=\"margin-top: 16px; margin-bottom: 16px; padding: 0px; color: rgb(34, 34, 34); font-family: &quot;PingFang SC&quot;, &quot;Hiragino Sans GB&quot;, &quot;Microsoft YaHei&quot;, &quot;WenQuanYi Micro Hei&quot;, &quot;Helvetica Neue&quot;, Arial, sans-serif; white-space: normal; background-color: rgb(255, 255, 255);\">每年农历五月举行。关于这个节日有个古老的传说:很久以前，哈尼山寨有一对讨人喜欢的小兄妹。哥哥叫阿朗，长得膀圆腰壮;妹妹叫阿昂，长得聪明秀气。那时，天上的太阳和月亮出没不定，有的时候一个都不出，有时两个一起出，庄稼难以正常生长，哈尼族人民吃尽了苦头。兄妹俩决定上天去说服太阳和月亮。他们砍来栗树做成磨秋，把他们送上了天空，终于说服了太阳和月.亮，一个白天出，一个晚上出。为了纪念这兄妹俩，每逢五月，哈尼族人就要支上磨秋，痛快地玩耍一番。</p><p style=\"margin-top: 16px; margin-bottom: 16px; padding: 0px; color: rgb(34, 34, 34); font-family: &quot;PingFang SC&quot;, &quot;Hiragino Sans GB&quot;, &quot;Microsoft YaHei&quot;, &quot;WenQuanYi Micro Hei&quot;, &quot;Helvetica Neue&quot;, Arial, sans-serif; white-space: normal; background-color: rgb(255, 255, 255);\">捉蚂蚱节</p><p style=\"margin-top: 16px; margin-bottom: 16px; padding: 0px; color: rgb(34, 34, 34); font-family: &quot;PingFang SC&quot;, &quot;Hiragino Sans GB&quot;, &quot;Microsoft YaHei&quot;, &quot;WenQuanYi Micro Hei&quot;, &quot;Helvetica Neue&quot;, Arial, sans-serif; white-space: normal; background-color: rgb(255, 255, 255);\">又称“阿包念”。云南省哈尼族的节日，每年农历六月十四日后的第一个鸡日或猴日举行。</p><p style=\"margin-top: 16px; margin-bottom: 16px; padding: 0px; color: rgb(34, 34, 34); font-family: &quot;PingFang SC&quot;, &quot;Hiragino Sans GB&quot;, &quot;Microsoft YaHei&quot;, &quot;WenQuanYi Micro Hei&quot;, &quot;Helvetica Neue&quot;, Arial, sans-serif; white-space: normal; background-color: rgb(255, 255, 255);\">六月中旬，水稻开始抽穗，最容易遭受病虫害，人们便采取了这种方法来驱逐害虫。节日这天，全寨男女老少一起出动，到田间捉蚂炸，以各家为单位，每家要捉够二斤后，就把捉来的蚂炸撕成五份，将其头、腿、身、屁股、翅膀分别集中在一起，用划开的竹片依次夹起来插在田埂上，以此警告那些未捉到的蚂炸和其他害虫。半小时后，又将这些捉到的蚂炸收回到竹筒中，带回家用各种方法将它们烹饪当菜肴。离开田野时，人们还要不停地喊:“蚂炸，三天内不捉你了，三个月内你不要来吃稻谷。”</p><p style=\"text-align:center\"><img src=\"http://localhost:8080/news/upload/image/news/20170607/1496826879161022597.jpg\" title=\"1496826879161022597.jpg\"/></p><p style=\"margin-top: 16px; margin-bottom: 16px; padding: 0px; color: rgb(34, 34, 34); font-family: &quot;PingFang SC&quot;, &quot;Hiragino Sans GB&quot;, &quot;Microsoft YaHei&quot;, &quot;WenQuanYi Micro Hei&quot;, &quot;Helvetica Neue&quot;, Arial, sans-serif; white-space: normal; background-color: rgb(255, 255, 255);\">六月节</p><p style=\"margin-top: 16px; margin-bottom: 16px; padding: 0px; color: rgb(34, 34, 34); font-family: &quot;PingFang SC&quot;, &quot;Hiragino Sans GB&quot;, &quot;Microsoft YaHei&quot;, &quot;WenQuanYi Micro Hei&quot;, &quot;Helvetica Neue&quot;, Arial, sans-serif; white-space: normal; background-color: rgb(255, 255, 255);\">又称“苦扎扎”，哈尼语为庄稼即将丰收、丰足的日子即将到来的意思。哈尼族的传统节日，每年农历六月二十四日举行，节期二至五天。</p><p style=\"margin-top: 16px; margin-bottom: 16px; padding: 0px; color: rgb(34, 34, 34); font-family: &quot;PingFang SC&quot;, &quot;Hiragino Sans GB&quot;, &quot;Microsoft YaHei&quot;, &quot;WenQuanYi Micro Hei&quot;, &quot;Helvetica Neue&quot;, Arial, sans-serif; white-space: normal; background-color: rgb(255, 255, 255);\">节日来源于一个传说:相传在远古的时候，哈尼族人崇拜一个名叫“威嘴”的神人。每年五六月间，威嘴神人都要到山寨巡视，看看人、牲畜和庄稼，给人们带来了幸福，为了感谢威嘴神人，人们筹办了隆重的欢迎仪式，迎接神人进寨，以驱除邪害，保佑人民安宁幸福。这样代代相传，就成了今天的节日。</p><p style=\"margin-top: 16px; margin-bottom: 16px; padding: 0px; color: rgb(34, 34, 34); font-family: &quot;PingFang SC&quot;, &quot;Hiragino Sans GB&quot;, &quot;Microsoft YaHei&quot;, &quot;WenQuanYi Micro Hei&quot;, &quot;Helvetica Neue&quot;, Arial, sans-serif; white-space: normal; background-color: rgb(255, 255, 255);\">节日里，人们要准备丰盛的食品，还要宰杀牲畜祭祀神人。磨秋场是节日的主要娱乐活动之一，磨秋场上人山人海，艺高胆大的小伙子往往争先恐后地登场表演，以博得姑娘的爱慕。除此外，还有其他的活动，如跳舞、荡秋千、摔跤等。夜晚，全村老少围坐在髯火旁，听老人“讲古”。</p><p style=\"margin-top: 16px; margin-bottom: 16px; padding: 0px; color: rgb(34, 34, 34); font-family: &quot;PingFang SC&quot;, &quot;Hiragino Sans GB&quot;, &quot;Microsoft YaHei&quot;, &quot;WenQuanYi Micro Hei&quot;, &quot;Helvetica Neue&quot;, Arial, sans-serif; white-space: normal; background-color: rgb(255, 255, 255);\">节日的最后一天傍晚家家户户都要点燃一个火把，并举火把照遍屋内的每一个角落，表示驱逐邪恶，然后将火把送到村边的路旁，以先后顺序，排成一条火龙，朝东南方向延伸，以示将邪魔驱向远方。</p><p style=\"margin-top: 16px; margin-bottom: 16px; padding: 0px; color: rgb(34, 34, 34); font-family: &quot;PingFang SC&quot;, &quot;Hiragino Sans GB&quot;, &quot;Microsoft YaHei&quot;, &quot;WenQuanYi Micro Hei&quot;, &quot;Helvetica Neue&quot;, Arial, sans-serif; white-space: normal; background-color: rgb(255, 255, 255);\">扎勒特</p><p style=\"margin-top: 16px; margin-bottom: 16px; padding: 0px; color: rgb(34, 34, 34); font-family: &quot;PingFang SC&quot;, &quot;Hiragino Sans GB&quot;, &quot;Microsoft YaHei&quot;, &quot;WenQuanYi Micro Hei&quot;, &quot;Helvetica Neue&quot;, Arial, sans-serif; white-space: normal; background-color: rgb(255, 255, 255);\">哈尼语，意为“捏制糯米团子”。又称“十月年”。哈尼族的传统节日。每年农历十月龙日举行。</p><p style=\"margin-top: 16px; margin-bottom: 16px; padding: 0px; color: rgb(34, 34, 34); font-family: &quot;PingFang SC&quot;, &quot;Hiragino Sans GB&quot;, &quot;Microsoft YaHei&quot;, &quot;WenQuanYi Micro Hei&quot;, &quot;Helvetica Neue&quot;, Arial, sans-serif; white-space: normal; background-color: rgb(255, 255, 255);\">哈尼族民间有这样一个传说:古时候，有一个阿妈，生了三个儿子，他们分别变成豹、凤和龙。长子和次子都不赡养老人，有一天，三子送给阿妈三包东西，它们分别变成稻谷、家畜和三对夫妻，使老阿妈过上了好日子。老阿妈想起了自己三子的孝心，于是，将此日定为龙日，以后演变成节日。节日的头一天，村民把寨子的每一个角落都打扫得干干净净。然后洗澡换新衣。节日里，人们都身穿节日的盛装，显得格外的精神。各家各户还要春制糯米把饼、做黄米饭，酿制香甜的“闷锅酒”。节日里，要举行祭祖先、神灵的仪式。祭毕，开始吃街心酒宴。请德高望重的老人先人席，然后大家坐在桌子的两边，先向老人敬酒，接着互相敬酒。庆丰收，祝全寨平安，来年风调雨顺。</p><p style=\"margin-top: 16px; margin-bottom: 16px; padding: 0px; color: rgb(34, 34, 34); font-family: &quot;PingFang SC&quot;, &quot;Hiragino Sans GB&quot;, &quot;Microsoft YaHei&quot;, &quot;WenQuanYi Micro Hei&quot;, &quot;Helvetica Neue&quot;, Arial, sans-serif; white-space: normal; background-color: rgb(255, 255, 255);\">节日里，还举行各种活动。如荡秋千等。到了晚上，各村寨草坪上燃起簧火。青年男女在舞火旁载歌载舞，尽情欢乐。在墨江一带，头一年出嫁的新媳妇们，聚集在村外讲述着自己的新婚体验，严禁男人偷听。</p><p style=\"margin-top: 16px; margin-bottom: 16px; padding: 0px; color: rgb(34, 34, 34); font-family: &quot;PingFang SC&quot;, &quot;Hiragino Sans GB&quot;, &quot;Microsoft YaHei&quot;, &quot;WenQuanYi Micro Hei&quot;, &quot;Helvetica Neue&quot;, Arial, sans-serif; white-space: normal; background-color: rgb(255, 255, 255);\">尝新节</p><p style=\"margin-top: 16px; margin-bottom: 16px; padding: 0px; color: rgb(34, 34, 34); font-family: &quot;PingFang SC&quot;, &quot;Hiragino Sans GB&quot;, &quot;Microsoft YaHei&quot;, &quot;WenQuanYi Micro Hei&quot;, &quot;Helvetica Neue&quot;, Arial, sans-serif; white-space: normal; background-color: rgb(255, 255, 255);\">又称“吃新谷节”，云南省哈尼族民间传统节日。每年农历七月的第一个龙日举行。庆祝从即日起就可以吃上新谷子了。</p><p style=\"margin-top: 16px; margin-bottom: 16px; padding: 0px; color: rgb(34, 34, 34); font-family: &quot;PingFang SC&quot;, &quot;Hiragino Sans GB&quot;, &quot;Microsoft YaHei&quot;, &quot;WenQuanYi Micro Hei&quot;, &quot;Helvetica Neue&quot;, Arial, sans-serif; white-space: normal; background-color: rgb(255, 255, 255);\">节日的当天早晨，哈尼族人民到稻田里背回一捆稻子，要选择单数。然后栽在离家不远的水井边或是菜地的水沟旁。在背稻子回来的路途中，无论遇到生人还是熟人都不准讲话，这样做是为了防止在交谈中说出不吉利的话。当天下午，举行吃新谷仪式。首先要杀一只阉鸡，把采来的新成熟的各种瓜豆蔬菜烹饪成菜肴，其中要有一碗嫩竹笋，这象征着蓬勃向上，预示着来年的收成像竹笋一样节节高升。做好饭菜后，就把早上背回的谷子拿来，把谷粒搓下来，放在锅里烘焙，直到炸出米花，饭前一家老小先吃米花，但要把米花先给狗吃后人才能吃，这是因为传说谷种是狗在一次水灾中抢救下来的。吃新米花时，大家用手抓，抓起来要放在手上数一数，如果是单数就可以吃，如果是双数就得放回去重新抓，直到抓到单数为止。吃过米花后，全家欢聚用餐，有说有笑，边吃边谈论这一年庄稼的长势，准备秋收事宜，展望未来的幸福。</p><p style=\"text-align:center\"><img src=\"http://localhost:8080/news/upload/image/news/20170607/1496826879148078251.jpg\" title=\"1496826879148078251.jpg\"/></p><p><br/></p><p><br/></p><p><br/></p>', '情感', '6');
INSERT INTO `news` VALUES ('62', '18', '2017-06-07 17:21:28', '中国传统节日《端午节》', '<p><video class=\"edui-upload-video  vjs-default-skin video-js\" controls=\"\" preload=\"none\" width=\"420\" height=\"280\" src=\"http://localhost:8080/news/upload/video/20170607/1496827285389062380.mp4\" data-setup=\"{}\"></video></p>', '情感', '6');
INSERT INTO `news` VALUES ('63', '18', '2017-06-07 17:23:51', '黄岗节日以及周边侗寨的节日', '<p style=\"margin-top: 16px; margin-bottom: 16px; padding: 0px; color: rgb(34, 34, 34); font-family: &quot;PingFang SC&quot;, &quot;Hiragino Sans GB&quot;, &quot;Microsoft YaHei&quot;, &quot;WenQuanYi Micro Hei&quot;, &quot;Helvetica Neue&quot;, Arial, sans-serif; white-space: normal; background-color: rgb(255, 255, 255);\">二月十五的坑洞摔跤节，</p><p style=\"margin-top: 16px; margin-bottom: 16px; padding: 0px; color: rgb(34, 34, 34); font-family: &quot;PingFang SC&quot;, &quot;Hiragino Sans GB&quot;, &quot;Microsoft YaHei&quot;, &quot;WenQuanYi Micro Hei&quot;, &quot;Helvetica Neue&quot;, Arial, sans-serif; white-space: normal; background-color: rgb(255, 255, 255);\">三月十五的四寨、寨高等自然村寨的摔跤节，</p><p style=\"margin-top: 16px; margin-bottom: 16px; padding: 0px; color: rgb(34, 34, 34); font-family: &quot;PingFang SC&quot;, &quot;Hiragino Sans GB&quot;, &quot;Microsoft YaHei&quot;, &quot;WenQuanYi Micro Hei&quot;, &quot;Helvetica Neue&quot;, Arial, sans-serif; white-space: normal; background-color: rgb(255, 255, 255);\">四月份是正农忙节，没有什么节日，</p><p style=\"margin-top: 16px; margin-bottom: 16px; padding: 0px; color: rgb(34, 34, 34); font-family: &quot;PingFang SC&quot;, &quot;Hiragino Sans GB&quot;, &quot;Microsoft YaHei&quot;, &quot;WenQuanYi Micro Hei&quot;, &quot;Helvetica Neue&quot;, Arial, sans-serif; white-space: normal; background-color: rgb(255, 255, 255);\">五月也是正是耙田、插秧等时节，</p><p style=\"text-align:center\"><img src=\"http://localhost:8080/news/upload/image/news/20170607/1496827371086089565.jpg\" title=\"1496827371086089565.jpg\"/></p><p style=\"margin-top: 16px; margin-bottom: 16px; padding: 0px; color: rgb(34, 34, 34); font-family: &quot;PingFang SC&quot;, &quot;Hiragino Sans GB&quot;, &quot;Microsoft YaHei&quot;, &quot;WenQuanYi Micro Hei&quot;, &quot;Helvetica Neue&quot;, Arial, sans-serif; white-space: normal; background-color: rgb(255, 255, 255);\">六月十五是黄岗侗寨的传统“喊天节”，是这片区最为隆重的节日之一，</p><p style=\"margin-top: 16px; margin-bottom: 16px; padding: 0px; color: rgb(34, 34, 34); font-family: &quot;PingFang SC&quot;, &quot;Hiragino Sans GB&quot;, &quot;Microsoft YaHei&quot;, &quot;WenQuanYi Micro Hei&quot;, &quot;Helvetica Neue&quot;, Arial, sans-serif; white-space: normal; background-color: rgb(255, 255, 255);\">七月除一是站里侗寨过节，七月十五是独洞过节，</p><p style=\"margin-top: 16px; margin-bottom: 16px; padding: 0px; color: rgb(34, 34, 34); font-family: &quot;PingFang SC&quot;, &quot;Hiragino Sans GB&quot;, &quot;Microsoft YaHei&quot;, &quot;WenQuanYi Micro Hei&quot;, &quot;Helvetica Neue&quot;, Arial, sans-serif; white-space: normal; background-color: rgb(255, 255, 255);\">到了八月初一是巴扒侗寨过节，八月十五是小黄侗寨过节，</p><p style=\"margin-top: 16px; margin-bottom: 16px; padding: 0px; color: rgb(34, 34, 34); font-family: &quot;PingFang SC&quot;, &quot;Hiragino Sans GB&quot;, &quot;Microsoft YaHei&quot;, &quot;WenQuanYi Micro Hei&quot;, &quot;Helvetica Neue&quot;, Arial, sans-serif; white-space: normal; background-color: rgb(255, 255, 255);\">九月初九是平天侗寨过节，</p><p style=\"margin-top: 16px; margin-bottom: 16px; padding: 0px; color: rgb(34, 34, 34); font-family: &quot;PingFang SC&quot;, &quot;Hiragino Sans GB&quot;, &quot;Microsoft YaHei&quot;, &quot;WenQuanYi Micro Hei&quot;, &quot;Helvetica Neue&quot;, Arial, sans-serif; white-space: normal; background-color: rgb(255, 255, 255);\">进入十月是贯洞以及周边自然村寨过节，</p><p><br/></p><p style=\"text-align:center\"><img src=\"http://localhost:8080/news/upload/image/news/20170607/1496827371086092053.jpg\" title=\"1496827371086092053.jpg\"/></p><p><span style=\"color: rgb(34, 34, 34); font-family: &quot;PingFang SC&quot;, &quot;Hiragino Sans GB&quot;, &quot;Microsoft YaHei&quot;, &quot;WenQuanYi Micro Hei&quot;, &quot;Helvetica Neue&quot;, Arial, sans-serif; background-color: rgb(255, 255, 255);\">从这段话可以看出，黄岗所在的地区的节日，比如“吃新”，每一个村寨不仅日子不同，还有各自的过法，都说是侗家人爱过节，那么黄岗到底有多少个节日呢？外来的客人如果问起来，大多数村民会这样回答：“我们一年过两个大的节日，一个过年，另一个是农历六月十五喊天节，”为什么会这样呢？凡是到过侗寨的客人，特别是十多年前来访的人，都曾看到这里的人们特别热衷于“搞娱乐”，吹芦笙、唱侗族大歌是很平常的事情，可以说是“月月有节日”是外界对侗族描写中经常用的词语，像黄岗这样的大寨子，怎么会一年只有两个节日呢？</span></p><p style=\"text-align:center\"><img src=\"http://localhost:8080/news/upload/image/news/20170607/1496827371114048541.jpg\" title=\"1496827371114048541.jpg\"/></p><p><span style=\"color: rgb(34, 34, 34); font-family: &quot;PingFang SC&quot;, &quot;Hiragino Sans GB&quot;, &quot;Microsoft YaHei&quot;, &quot;WenQuanYi Micro Hei&quot;, &quot;Helvetica Neue&quot;, Arial, sans-serif; background-color: rgb(255, 255, 255);\">首先，这是因为在黄岗人的观念中，所谓的节日应具备这样的几个条件：一是节日应该是每年在固定的日子、在黄岗村寨内举行，二是节日期间要有丰富的活动，比如唱歌、吹芦笙、长桌宴，三是黄岗必须是节日的主人，是东家，节日期间是外寨的人们到黄岗来做客，黄岗要备办酒宴招待宾客，这也是最重要的一点。</span></p><p style=\"text-align:center\"><img src=\"http://localhost:8080/news/upload/image/news/20170607/1496827371123050967.jpg\" title=\"1496827371123050967.jpg\"/></p><p><span style=\"color: rgb(34, 34, 34); font-family: &quot;PingFang SC&quot;, &quot;Hiragino Sans GB&quot;, &quot;Microsoft YaHei&quot;, &quot;WenQuanYi Micro Hei&quot;, &quot;Helvetica Neue&quot;, Arial, sans-serif; background-color: rgb(255, 255, 255);\">其次、黄岗村民认为外来的客人来这里，主要是看热闹的，就不主动向客人介绍那些活动比较少的节日，比如下秧啊、挂亲啊，他们认为都是黄岗人自己的事情，是寨上人自己过，没有什么娱乐活动，和外来人无关。</span></p><p><span style=\"color: rgb(34, 34, 34); font-family: &quot;PingFang SC&quot;, &quot;Hiragino Sans GB&quot;, &quot;Microsoft YaHei&quot;, &quot;WenQuanYi Micro Hei&quot;, &quot;Helvetica Neue&quot;, Arial, sans-serif; background-color: rgb(255, 255, 255);\">其三，侗家有的节日持续时间很长，比如过年要持续一个多月，其中有许多热闹的小环节，抬官人、多耶、月也、取火种、都有专门的仪式，有的客人看到了，就说黄岗是在过抬官人节，黄岗人却认为这些都是过年期间的活动，不是单独的节日。</span></p><p><br/></p>', '情感', '6');
INSERT INTO `news` VALUES ('64', '18', '2017-06-07 17:29:35', '女老师坚持上完“最后一课”，下午“无缝对接”生孩子', '<p style=\"margin-top: 16px; margin-bottom: 16px; padding: 0px; color: rgb(34, 34, 34); font-family: &quot;PingFang SC&quot;, &quot;Hiragino Sans GB&quot;, &quot;Microsoft YaHei&quot;, &quot;WenQuanYi Micro Hei&quot;, &quot;Helvetica Neue&quot;, Arial, sans-serif; white-space: normal; background-color: rgb(255, 255, 255);\">“王老师，我们一起加油！祝您生产顺利，祝我们高考顺利！”昨日上午，光谷第二高中举行毕业典礼，即将步入高考考场的同学们为地理老师王宏艳送上这样的祝福。</p><p style=\"margin-top: 16px; margin-bottom: 16px; padding: 0px; color: rgb(34, 34, 34); font-family: &quot;PingFang SC&quot;, &quot;Hiragino Sans GB&quot;, &quot;Microsoft YaHei&quot;, &quot;WenQuanYi Micro Hei&quot;, &quot;Helvetica Neue&quot;, Arial, sans-serif; white-space: normal; background-color: rgb(255, 255, 255);\">此时，29岁的王宏艳正躺在湖北省妇幼保健医院的产房，准备迎接她的第一个孩子的诞生——6月4日，她坚持给高三学生们上完最后一节课，几小时后就被送到医院：孩子要出生了。</p><p style=\"margin-top: 16px; margin-bottom: 16px; padding: 0px; color: rgb(34, 34, 34); font-family: &quot;PingFang SC&quot;, &quot;Hiragino Sans GB&quot;, &quot;Microsoft YaHei&quot;, &quot;WenQuanYi Micro Hei&quot;, &quot;Helvetica Neue&quot;, Arial, sans-serif; white-space: normal; background-color: rgb(255, 255, 255);\">“很遗憾不能参加同学们的毕业典礼，不能陪着他们高考。”昨日，王宏艳说。</p><p style=\"margin-top: 16px; margin-bottom: 16px; padding: 0px; color: rgb(34, 34, 34); font-family: &quot;PingFang SC&quot;, &quot;Hiragino Sans GB&quot;, &quot;Microsoft YaHei&quot;, &quot;WenQuanYi Micro Hei&quot;, &quot;Helvetica Neue&quot;, Arial, sans-serif; white-space: normal; background-color: rgb(255, 255, 255);\"><span style=\"font-weight: 700;\">上课和生孩子“无缝对接”</span></p><p style=\"margin-top: 16px; margin-bottom: 16px; padding: 0px; color: rgb(34, 34, 34); font-family: &quot;PingFang SC&quot;, &quot;Hiragino Sans GB&quot;, &quot;Microsoft YaHei&quot;, &quot;WenQuanYi Micro Hei&quot;, &quot;Helvetica Neue&quot;, Arial, sans-serif; white-space: normal; background-color: rgb(255, 255, 255);\">王宏艳是光谷第二高中三（5）班（普通文科班）和三（8）班（艺体班）地理老师。整个孕期，她都在坚持上课。“我的预产期是6月20日，正好可以让我带完毕业班再休息。”她说。</p><p style=\"margin-top: 16px; margin-bottom: 16px; padding: 0px; color: rgb(34, 34, 34); font-family: &quot;PingFang SC&quot;, &quot;Hiragino Sans GB&quot;, &quot;Microsoft YaHei&quot;, &quot;WenQuanYi Micro Hei&quot;, &quot;Helvetica Neue&quot;, Arial, sans-serif; white-space: normal; background-color: rgb(255, 255, 255);\">4日上午第五节课，她要给高三（5）班上最后一节地理课。像往常一样，地理课代表杜玉贴心地来到她的办公室，接她去教室。</p><p style=\"margin-top: 16px; margin-bottom: 16px; padding: 0px; color: rgb(34, 34, 34); font-family: &quot;PingFang SC&quot;, &quot;Hiragino Sans GB&quot;, &quot;Microsoft YaHei&quot;, &quot;WenQuanYi Micro Hei&quot;, &quot;Helvetica Neue&quot;, Arial, sans-serif; white-space: normal; background-color: rgb(255, 255, 255);\">这堂课，王宏艳没有再讲知识点，而是一遍遍地向学生们强调如何规范答题、如何临场发挥、遇到意外怎么办。下课铃声响起，她对同学们说：“放轻松，考试顺利！</p><p style=\"text-align:center\"><img src=\"http://localhost:8080/news/upload/image/news/20170607/1496827734813070069.jpg\" title=\"1496827734813070069.jpg\"/></p><p style=\"margin-top: 16px; margin-bottom: 16px; padding: 0px; color: rgb(34, 34, 34); font-family: &quot;PingFang SC&quot;, &quot;Hiragino Sans GB&quot;, &quot;Microsoft YaHei&quot;, &quot;WenQuanYi Micro Hei&quot;, &quot;Helvetica Neue&quot;, Arial, sans-serif; white-space: normal; background-color: rgb(255, 255, 255);\">x<br/></p><p style=\"margin-top: 16px; margin-bottom: 16px; padding: 0px; color: rgb(34, 34, 34); font-family: &quot;PingFang SC&quot;, &quot;Hiragino Sans GB&quot;, &quot;Microsoft YaHei&quot;, &quot;WenQuanYi Micro Hei&quot;, &quot;Helvetica Neue&quot;, Arial, sans-serif; white-space: normal; background-color: rgb(255, 255, 255);\">王宏艳3日上课的情景</p><p style=\"margin-top: 16px; margin-bottom: 16px; padding: 0px; color: rgb(34, 34, 34); font-family: &quot;PingFang SC&quot;, &quot;Hiragino Sans GB&quot;, &quot;Microsoft YaHei&quot;, &quot;WenQuanYi Micro Hei&quot;, &quot;Helvetica Neue&quot;, Arial, sans-serif; white-space: normal; background-color: rgb(255, 255, 255);\">“这是我第一次从高一带到高三的班级，当时有些感伤，也觉得松了口气，总算平安把他们带到毕业了。”王宏艳说，没料到的是，几个小时后，她突然发作，被送进医院。</p><p style=\"margin-top: 16px; margin-bottom: 16px; padding: 0px; color: rgb(34, 34, 34); font-family: &quot;PingFang SC&quot;, &quot;Hiragino Sans GB&quot;, &quot;Microsoft YaHei&quot;, &quot;WenQuanYi Micro Hei&quot;, &quot;Helvetica Neue&quot;, Arial, sans-serif; white-space: normal; background-color: rgb(255, 255, 255);\">“简直是无缝对接。”在该校高三教师群里，她如此调侃自己。</p><p style=\"margin-top: 16px; margin-bottom: 16px; padding: 0px; color: rgb(34, 34, 34); font-family: &quot;PingFang SC&quot;, &quot;Hiragino Sans GB&quot;, &quot;Microsoft YaHei&quot;, &quot;WenQuanYi Micro Hei&quot;, &quot;Helvetica Neue&quot;, Arial, sans-serif; white-space: normal; background-color: rgb(255, 255, 255);\"><span style=\"font-weight: 700;\">瘦小身体蕴藏着巨大能量</span></p><p style=\"margin-top: 16px; margin-bottom: 16px; padding: 0px; color: rgb(34, 34, 34); font-family: &quot;PingFang SC&quot;, &quot;Hiragino Sans GB&quot;, &quot;Microsoft YaHei&quot;, &quot;WenQuanYi Micro Hei&quot;, &quot;Helvetica Neue&quot;, Arial, sans-serif; white-space: normal; background-color: rgb(255, 255, 255);\">王宏艳身高1.56米，瘦瘦小小，经常被学生形容为“很萌”。</p><p style=\"margin-top: 16px; margin-bottom: 16px; padding: 0px; color: rgb(34, 34, 34); font-family: &quot;PingFang SC&quot;, &quot;Hiragino Sans GB&quot;, &quot;Microsoft YaHei&quot;, &quot;WenQuanYi Micro Hei&quot;, &quot;Helvetica Neue&quot;, Arial, sans-serif; white-space: normal; background-color: rgb(255, 255, 255);\">但这位萌萌的女老师，在教学上却非常争强好胜。“王老师怀孕后，从来没有向学校提特殊要求，而且一直坚持站着上课。直到后期，她的肚子很大了，实在站不住，才申请坐着上课。”光谷第二高中三年级主任付金三说，他担心王宏艳的身体，几次问她需不需要提前休息，剩下的课学校可以请人代课，但她总是不肯，“她说一定要负责到底，还要参加毕业典礼呢！她主要是舍不得学生。”</p><p style=\"margin-top: 16px; margin-bottom: 16px; padding: 0px; color: rgb(34, 34, 34); font-family: &quot;PingFang SC&quot;, &quot;Hiragino Sans GB&quot;, &quot;Microsoft YaHei&quot;, &quot;WenQuanYi Micro Hei&quot;, &quot;Helvetica Neue&quot;, Arial, sans-serif; white-space: normal; background-color: rgb(255, 255, 255);\">被王宏艳称为“师傅”的高三地理老师魏国洪说，王宏艳的课堂总是很活泼，互动很多，学生们都很信赖她。她带的三（8）班是艺体班，学生需要补文化课，她也是自告奋勇顶上。“她特别热爱老师这个工作，珍惜每一堂课。要是她的班没我的班考得好，她还会伤心呢。”</p><p style=\"margin-top: 16px; margin-bottom: 16px; padding: 0px; color: rgb(34, 34, 34); font-family: &quot;PingFang SC&quot;, &quot;Hiragino Sans GB&quot;, &quot;Microsoft YaHei&quot;, &quot;WenQuanYi Micro Hei&quot;, &quot;Helvetica Neue&quot;, Arial, sans-serif; white-space: normal; background-color: rgb(255, 255, 255);\">如此正能量的王宏艳，其实孕期过得很辛苦。她的丈夫周雷说，刚怀孕时，王宏艳容易孕吐，她就尽量少吃，抑制吐意。怀孕后期，因为胎儿压迫，她晚上总是睡不好，但从没因此放松对自己的要求。放学后她会步行回家，以前只要十分钟的路程，她走走歇歇，经常要花三四十分钟。为了让她舒服一点，周雷每天都会为她按摩。</p><p style=\"margin-top: 16px; margin-bottom: 16px; padding: 0px; color: rgb(34, 34, 34); font-family: &quot;PingFang SC&quot;, &quot;Hiragino Sans GB&quot;, &quot;Microsoft YaHei&quot;, &quot;WenQuanYi Micro Hei&quot;, &quot;Helvetica Neue&quot;, Arial, sans-serif; white-space: normal; background-color: rgb(255, 255, 255);\"><span style=\"font-weight: 700;\">学生用纸条和录音送祝福</span></p><p style=\"margin-top: 16px; margin-bottom: 16px; padding: 0px; color: rgb(34, 34, 34); font-family: &quot;PingFang SC&quot;, &quot;Hiragino Sans GB&quot;, &quot;Microsoft YaHei&quot;, &quot;WenQuanYi Micro Hei&quot;, &quot;Helvetica Neue&quot;, Arial, sans-serif; white-space: normal; background-color: rgb(255, 255, 255);\">昨日上午，光谷第二高中举行毕业典礼。王宏艳的学生们得知她即将生产，纷纷送上祝福，为她加油。</p><p style=\"margin-top: 16px; margin-bottom: 16px; padding: 0px; color: rgb(34, 34, 34); font-family: &quot;PingFang SC&quot;, &quot;Hiragino Sans GB&quot;, &quot;Microsoft YaHei&quot;, &quot;WenQuanYi Micro Hei&quot;, &quot;Helvetica Neue&quot;, Arial, sans-serif; white-space: normal; background-color: rgb(255, 255, 255);\">“怀孕后的你，简直萌翻了！希望宝宝像你一样萌萌哒！”贺越同学说。</p><p style=\"margin-top: 16px; margin-bottom: 16px; padding: 0px; color: rgb(34, 34, 34); font-family: &quot;PingFang SC&quot;, &quot;Hiragino Sans GB&quot;, &quot;Microsoft YaHei&quot;, &quot;WenQuanYi Micro Hei&quot;, &quot;Helvetica Neue&quot;, Arial, sans-serif; white-space: normal; background-color: rgb(255, 255, 255);\">“谢谢您坚持陪我们到最后一天！最棒的老师！”何欢同学说。</p><p style=\"margin-top: 16px; margin-bottom: 16px; padding: 0px; color: rgb(34, 34, 34); font-family: &quot;PingFang SC&quot;, &quot;Hiragino Sans GB&quot;, &quot;Microsoft YaHei&quot;, &quot;WenQuanYi Micro Hei&quot;, &quot;Helvetica Neue&quot;, Arial, sans-serif; white-space: normal; background-color: rgb(255, 255, 255);\">“比起老师，你更像是我的朋友。有段时间我总是强颜欢笑，你摸摸我的头，我就安心了。也许你没有察觉，但我真的非常感激你……”一张没有署名的纸条这样写道。</p><p style=\"margin-top: 16px; margin-bottom: 16px; padding: 0px; color: rgb(34, 34, 34); font-family: &quot;PingFang SC&quot;, &quot;Hiragino Sans GB&quot;, &quot;Microsoft YaHei&quot;, &quot;WenQuanYi Micro Hei&quot;, &quot;Helvetica Neue&quot;, Arial, sans-serif; white-space: normal; background-color: rgb(255, 255, 255);\">高三（8）班的董叮咚同学则通过录音感谢王宏艳：“王老师太敬业了！最近我们都看得出来您很疲倦，但我有问题问您的时候，您都是认真仔细地解答。一两个月前，您的肚子已经很大了，我们都以为您不会带我们了，谁知道您说到做到，真的坚持上完了最后一节课！了不起！”</p><p><br/></p>', '师表', '1');
INSERT INTO `news` VALUES ('65', '23', '2017-06-07 17:34:03', '曾经是邓小平同事的他，将成十九大最年长代表', '<p style=\"margin: 16px 0px; padding: 0px; color: rgb(34, 34, 34); font-family: &quot;PingFang SC&quot;, &quot;Hiragino Sans GB&quot;, &quot;Microsoft YaHei&quot;, &quot;WenQuanYi Micro Hei&quot;, &quot;Helvetica Neue&quot;, Arial, sans-serif; font-size: 16px; font-style: normal; font-variant-ligatures: normal; font-variant-caps: normal; font-weight: normal; letter-spacing: normal; orphans: 2; text-align: left; text-indent: 0px; text-transform: none; white-space: normal; widows: 2; word-spacing: 0px; -webkit-text-stroke-width: 0px; background-color: rgb(255, 255, 255); text-decoration-style: initial; text-decoration-color: initial;\">这位百岁老人或将成为中国共产党第十九次全国代表大会代表中年龄最大的一位。将时间倒退五年和十年，在党的十八大和十七大中，他就曾经是年龄最大的一位代表。</p><p style=\"margin: 16px 0px; padding: 0px; color: rgb(34, 34, 34); font-family: &quot;PingFang SC&quot;, &quot;Hiragino Sans GB&quot;, &quot;Microsoft YaHei&quot;, &quot;WenQuanYi Micro Hei&quot;, &quot;Helvetica Neue&quot;, Arial, sans-serif; font-size: 16px; font-style: normal; font-variant-ligatures: normal; font-variant-caps: normal; font-weight: normal; letter-spacing: normal; orphans: 2; text-align: left; text-indent: 0px; text-transform: none; white-space: normal; widows: 2; word-spacing: 0px; -webkit-text-stroke-width: 0px; background-color: rgb(255, 255, 255); text-decoration-style: initial; text-decoration-color: initial;\">他是谁呢？</p><p style=\"margin: 16px 0px; padding: 0px; color: rgb(34, 34, 34); font-family: &quot;PingFang SC&quot;, &quot;Hiragino Sans GB&quot;, &quot;Microsoft YaHei&quot;, &quot;WenQuanYi Micro Hei&quot;, &quot;Helvetica Neue&quot;, Arial, sans-serif; font-size: 16px; font-style: normal; font-variant-ligatures: normal; font-variant-caps: normal; font-weight: normal; letter-spacing: normal; orphans: 2; text-align: left; text-indent: 0px; text-transform: none; white-space: normal; widows: 2; word-spacing: 0px; -webkit-text-stroke-width: 0px; background-color: rgb(255, 255, 255); text-decoration-style: initial; text-decoration-color: initial;\">他是焦若愚，河南省叶县人，出生于1915年12月。政知圈（微信ID:wepolitics）注意到，这位“老革命”自21岁参加革命并于同年入党，算起来至今已有81年的党龄。</p><p style=\"margin: 16px 0px; padding: 0px; color: rgb(34, 34, 34); font-family: &quot;PingFang SC&quot;, &quot;Hiragino Sans GB&quot;, &quot;Microsoft YaHei&quot;, &quot;WenQuanYi Micro Hei&quot;, &quot;Helvetica Neue&quot;, Arial, sans-serif; font-size: 16px; font-style: normal; font-variant-ligatures: normal; font-variant-caps: normal; font-weight: normal; letter-spacing: normal; orphans: 2; text-align: left; text-indent: 0px; text-transform: none; white-space: normal; widows: 2; word-spacing: 0px; -webkit-text-stroke-width: 0px; background-color: rgb(255, 255, 255); text-decoration-style: initial; text-decoration-color: initial;\">焦若愚的工作经历十分丰富，既涵盖战争年代与和平年代，任职地点又包括国内外。抗日战争时期，他曾长期在晋察冀和冀热辽地区工作；1948年11月沈阳解放后，历任沈阳市副市长、市长和中共沈阳市委第一书记，1965年8月调离沈阳，曾先后出任驻朝鲜、秘鲁、伊朗等国大使。1979年10月离开外交战线后，先后任第八机械工业部部长、北京市市长、中共中央纪律检查委员会委员、中共北京市顾问委员会主任等职。</p><p style=\"margin: 16px 0px; padding: 0px; color: rgb(34, 34, 34); font-family: &quot;PingFang SC&quot;, &quot;Hiragino Sans GB&quot;, &quot;Microsoft YaHei&quot;, &quot;WenQuanYi Micro Hei&quot;, &quot;Helvetica Neue&quot;, Arial, sans-serif; font-size: 16px; font-style: normal; font-variant-ligatures: normal; font-variant-caps: normal; font-weight: normal; letter-spacing: normal; orphans: 2; text-align: left; text-indent: 0px; text-transform: none; white-space: normal; widows: 2; word-spacing: 0px; -webkit-text-stroke-width: 0px; background-color: rgb(255, 255, 255); text-decoration-style: initial; text-decoration-color: initial;\"><strong style=\"font-weight: 700;\">毛泽东周恩来视察沈阳都有他陪同</strong></p><p style=\"margin: 16px 0px; padding: 0px; color: rgb(34, 34, 34); font-family: &quot;PingFang SC&quot;, &quot;Hiragino Sans GB&quot;, &quot;Microsoft YaHei&quot;, &quot;WenQuanYi Micro Hei&quot;, &quot;Helvetica Neue&quot;, Arial, sans-serif; font-size: 16px; font-style: normal; font-variant-ligatures: normal; font-variant-caps: normal; font-weight: normal; letter-spacing: normal; orphans: 2; text-align: left; text-indent: 0px; text-transform: none; white-space: normal; widows: 2; word-spacing: 0px; -webkit-text-stroke-width: 0px; background-color: rgb(255, 255, 255); text-decoration-style: initial; text-decoration-color: initial;\">如果要以地点为坐标回顾这位百岁老人的一生，那么沈阳一定是不可略过的一站。从1945年9月抗战胜利后接收沈阳，到1965年8月调离沈阳，焦若愚在那里工作、生活了20年，更是东北解放的亲历者。</p><p><br/></p><p style=\"text-align:center\"><img src=\"http://localhost:8080/news/upload/image/news/20170607/1496828019455035086.jpg\" title=\"1496828019455035086.jpg\"/></p><p><br/></p><p style=\"margin: 16px 0px; padding: 0px; color: rgb(34, 34, 34); font-family: &quot;PingFang SC&quot;, &quot;Hiragino Sans GB&quot;, &quot;Microsoft YaHei&quot;, &quot;WenQuanYi Micro Hei&quot;, &quot;Helvetica Neue&quot;, Arial, sans-serif; font-size: 16px; font-style: normal; font-variant-ligatures: normal; font-variant-caps: normal; font-weight: normal; letter-spacing: normal; orphans: 2; text-align: left; text-indent: 0px; text-transform: none; white-space: normal; widows: 2; word-spacing: 0px; -webkit-text-stroke-width: 0px; background-color: rgb(255, 255, 255); text-decoration-style: initial; text-decoration-color: initial;\">2005年9月3日上午，胡锦涛向焦若愚等10位抗战老战士颁发纪念中国人民抗日战争胜利60周年纪念章</p><p style=\"margin: 16px 0px; padding: 0px; color: rgb(34, 34, 34); font-family: &quot;PingFang SC&quot;, &quot;Hiragino Sans GB&quot;, &quot;Microsoft YaHei&quot;, &quot;WenQuanYi Micro Hei&quot;, &quot;Helvetica Neue&quot;, Arial, sans-serif; font-size: 16px; font-style: normal; font-variant-ligatures: normal; font-variant-caps: normal; font-weight: normal; letter-spacing: normal; orphans: 2; text-align: left; text-indent: 0px; text-transform: none; white-space: normal; widows: 2; word-spacing: 0px; -webkit-text-stroke-width: 0px; background-color: rgb(255, 255, 255); text-decoration-style: initial; text-decoration-color: initial;\">焦若愚曾向媒体讲述接收沈阳的故事。1945年8月，日本侵略者投降，八路军总部命令驻河北、辽宁边境的冀热辽军区立即挺进东北，配合苏军作战，收缴敌伪武器，接管东北的城市，维持社会治安。焦若愚即被派负责沈阳市的接收工作。</p><p style=\"margin: 16px 0px; padding: 0px; color: rgb(34, 34, 34); font-family: &quot;PingFang SC&quot;, &quot;Hiragino Sans GB&quot;, &quot;Microsoft YaHei&quot;, &quot;WenQuanYi Micro Hei&quot;, &quot;Helvetica Neue&quot;, Arial, sans-serif; font-size: 16px; font-style: normal; font-variant-ligatures: normal; font-variant-caps: normal; font-weight: normal; letter-spacing: normal; orphans: 2; text-align: left; text-indent: 0px; text-transform: none; white-space: normal; widows: 2; word-spacing: 0px; -webkit-text-stroke-width: 0px; background-color: rgb(255, 255, 255); text-decoration-style: initial; text-decoration-color: initial;\">“那时，我刚刚30岁，接到任务没有二话，穿着军装，带着一个战士就去了。伪满市政府大楼的工作人员大约七八百人都到楼下站队，我就全部接收了。伪满的市长马上去向苏军的军管会主任报告了这件事。苏军管会派了一个翻译来，要我们第二天到他那里去汇报。正好那一天彭真、陈云等五人也到了沈阳。听到这个情况以后，一晚上大家基本上都没睡觉，研究怎么谈判。”</p><p style=\"margin: 16px 0px; padding: 0px; color: rgb(34, 34, 34); font-family: &quot;PingFang SC&quot;, &quot;Hiragino Sans GB&quot;, &quot;Microsoft YaHei&quot;, &quot;WenQuanYi Micro Hei&quot;, &quot;Helvetica Neue&quot;, Arial, sans-serif; font-size: 16px; font-style: normal; font-variant-ligatures: normal; font-variant-caps: normal; font-weight: normal; letter-spacing: normal; orphans: 2; text-align: left; text-indent: 0px; text-transform: none; white-space: normal; widows: 2; word-spacing: 0px; -webkit-text-stroke-width: 0px; background-color: rgb(255, 255, 255); text-decoration-style: initial; text-decoration-color: initial;\">第二天，苏军的翻译领着焦若愚见了苏军管会主任，这是个少将。他对焦若愚说，这么大个城市，你们怎么能接收啊，管得了吗？就你一个人，还不是一个班子，等等。“他说话挺和气，还问了我一些情况，我都照实说的。然后他说，你这样吧，你把沈阳市长的印拿到手里，你看着对你们有利的事你就打勾，你看到不利的事你不管，你弄不清楚的事你也不管。” 焦若愚回忆道。</p><p style=\"margin: 16px 0px; padding: 0px; color: rgb(34, 34, 34); font-family: &quot;PingFang SC&quot;, &quot;Hiragino Sans GB&quot;, &quot;Microsoft YaHei&quot;, &quot;WenQuanYi Micro Hei&quot;, &quot;Helvetica Neue&quot;, Arial, sans-serif; font-size: 16px; font-style: normal; font-variant-ligatures: normal; font-variant-caps: normal; font-weight: normal; letter-spacing: normal; orphans: 2; text-align: left; text-indent: 0px; text-transform: none; white-space: normal; widows: 2; word-spacing: 0px; -webkit-text-stroke-width: 0px; background-color: rgb(255, 255, 255); text-decoration-style: initial; text-decoration-color: initial;\">接管沈阳并非易事，面对苏军的阻挠，陈云给焦若愚想了个办法——找一些比较可靠的工人，在红绸子布写上“感谢苏联红军解放沈阳”，下面落款“沈阳工会筹备会”，送给他们。“第二天我就找了几十个工人，敲锣打鼓地给他们送去了。一个苏联红军中将接见了我们，他们挺高兴，还给写了个回函。我们把他们写的回件原文翻译成中文，放到镜框里一挂，‘沈阳工会筹备会’就抢到国民党前面建立起来了。”经过与苏联的军管会再次协商，于10月10日上午召开了一个由地方社会名流参加的市政府会议，由苏联的军管会主任在会上宣布：市长由白希清担任，焦若愚任副市长。白希清是当地的一位著名民主人士。”</p><p style=\"margin: 16px 0px; padding: 0px; color: rgb(34, 34, 34); font-family: &quot;PingFang SC&quot;, &quot;Hiragino Sans GB&quot;, &quot;Microsoft YaHei&quot;, &quot;WenQuanYi Micro Hei&quot;, &quot;Helvetica Neue&quot;, Arial, sans-serif; font-size: 16px; font-style: normal; font-variant-ligatures: normal; font-variant-caps: normal; font-weight: normal; letter-spacing: normal; orphans: 2; text-align: left; text-indent: 0px; text-transform: none; white-space: normal; widows: 2; word-spacing: 0px; -webkit-text-stroke-width: 0px; background-color: rgb(255, 255, 255); text-decoration-style: initial; text-decoration-color: initial;\">很快，硝烟再起。几年之后的1948年11月2日，沈阳解放，沈阳特别市政府成立。焦若愚再度出任副市长兼秘书长，后又担任沈阳市市长。</p><p style=\"text-align:center\"><img src=\"http://localhost:8080/news/upload/image/news/20170607/1496828019486030101.jpg\" title=\"1496828019486030101.jpg\"/><br/></p><p style=\"margin: 16px 0px; padding: 0px; color: rgb(34, 34, 34); font-family: &quot;PingFang SC&quot;, &quot;Hiragino Sans GB&quot;, &quot;Microsoft YaHei&quot;, &quot;WenQuanYi Micro Hei&quot;, &quot;Helvetica Neue&quot;, Arial, sans-serif; font-size: 16px; font-style: normal; font-variant-ligatures: normal; font-variant-caps: normal; font-weight: normal; letter-spacing: normal; orphans: 2; text-align: left; text-indent: 0px; text-transform: none; white-space: normal; widows: 2; word-spacing: 0px; -webkit-text-stroke-width: 0px; background-color: rgb(255, 255, 255); text-decoration-style: initial; text-decoration-color: initial;\">政知圈（微信ID:wepolitics）注意到，建国之初的沈阳是全国重点建设的工业基地之一，当时的主政者焦若愚多次接待和陪同中央领导考察。1958年2月13日，毛泽东在当时的辽宁省委书记黄欧东和沈阳市委书记焦若愚陪同下来到国营112厂即沈阳松陵机械厂视察。1962年，周恩来又来到沈阳112厂视察了解军工企业的情况，沈阳市委书记焦若愚依旧在陪同之列。</p><p style=\"margin: 16px 0px; padding: 0px; color: rgb(34, 34, 34); font-family: &quot;PingFang SC&quot;, &quot;Hiragino Sans GB&quot;, &quot;Microsoft YaHei&quot;, &quot;WenQuanYi Micro Hei&quot;, &quot;Helvetica Neue&quot;, Arial, sans-serif; font-size: 16px; font-style: normal; font-variant-ligatures: normal; font-variant-caps: normal; font-weight: normal; letter-spacing: normal; orphans: 2; text-align: left; text-indent: 0px; text-transform: none; white-space: normal; widows: 2; word-spacing: 0px; -webkit-text-stroke-width: 0px; background-color: rgb(255, 255, 255); text-decoration-style: initial; text-decoration-color: initial;\"><strong style=\"font-weight: 700;\">市长任上管理北京财政</strong></p><p style=\"margin: 16px 0px; padding: 0px; color: rgb(34, 34, 34); font-family: &quot;PingFang SC&quot;, &quot;Hiragino Sans GB&quot;, &quot;Microsoft YaHei&quot;, &quot;WenQuanYi Micro Hei&quot;, &quot;Helvetica Neue&quot;, Arial, sans-serif; font-size: 16px; font-style: normal; font-variant-ligatures: normal; font-variant-caps: normal; font-weight: normal; letter-spacing: normal; orphans: 2; text-align: left; text-indent: 0px; text-transform: none; white-space: normal; widows: 2; word-spacing: 0px; -webkit-text-stroke-width: 0px; background-color: rgb(255, 255, 255); text-decoration-style: initial; text-decoration-color: initial;\">1982年，焦若愚出任北京市市长，并亲自管理财政工作。</p><p style=\"margin: 16px 0px; padding: 0px; color: rgb(34, 34, 34); font-family: &quot;PingFang SC&quot;, &quot;Hiragino Sans GB&quot;, &quot;Microsoft YaHei&quot;, &quot;WenQuanYi Micro Hei&quot;, &quot;Helvetica Neue&quot;, Arial, sans-serif; font-size: 16px; font-style: normal; font-variant-ligatures: normal; font-variant-caps: normal; font-weight: normal; letter-spacing: normal; orphans: 2; text-align: left; text-indent: 0px; text-transform: none; white-space: normal; widows: 2; word-spacing: 0px; -webkit-text-stroke-width: 0px; background-color: rgb(255, 255, 255); text-decoration-style: initial; text-decoration-color: initial;\">这在当时是一项改变。因为，在焦若愚担任北京市长之前，北京市各部门花钱只要得到分管的市委书记或副市长的批准，就可以到市财政局要钱，使财政工作十分被动。</p><p style=\"margin: 16px 0px; padding: 0px; color: rgb(34, 34, 34); font-family: &quot;PingFang SC&quot;, &quot;Hiragino Sans GB&quot;, &quot;Microsoft YaHei&quot;, &quot;WenQuanYi Micro Hei&quot;, &quot;Helvetica Neue&quot;, Arial, sans-serif; font-size: 16px; font-style: normal; font-variant-ligatures: normal; font-variant-caps: normal; font-weight: normal; letter-spacing: normal; orphans: 2; text-align: left; text-indent: 0px; text-transform: none; white-space: normal; widows: 2; word-spacing: 0px; -webkit-text-stroke-width: 0px; background-color: rgb(255, 255, 255); text-decoration-style: initial; text-decoration-color: initial;\">针对这种情况，北京市委决定由担任市委第二书记、市长的焦若愚兼管财政工作，凡是各部门提出的牵涉到花钱的事情，都要先同市财政局商量，取得同意后，由焦若愚“一支笔”批，市里其他党政领导不再批这方面的条子。不过，焦若愚特别强调，没有市财政局的意见，他也无权批条子。这在当时被认为改变了财政工作十分被动的局面。</p><p style=\"margin: 16px 0px; padding: 0px; color: rgb(34, 34, 34); font-family: &quot;PingFang SC&quot;, &quot;Hiragino Sans GB&quot;, &quot;Microsoft YaHei&quot;, &quot;WenQuanYi Micro Hei&quot;, &quot;Helvetica Neue&quot;, Arial, sans-serif; font-size: 16px; font-style: normal; font-variant-ligatures: normal; font-variant-caps: normal; font-weight: normal; letter-spacing: normal; orphans: 2; text-align: left; text-indent: 0px; text-transform: none; white-space: normal; widows: 2; word-spacing: 0px; -webkit-text-stroke-width: 0px; background-color: rgb(255, 255, 255); text-decoration-style: initial; text-decoration-color: initial;\">焦若愚还着手于在北京植树造林。在他的带领下，一年前还是黄土见天的北京前三门大街，第二年春天已变得新绿盎然。</p><p style=\"margin: 16px 0px; padding: 0px; color: rgb(34, 34, 34); font-family: &quot;PingFang SC&quot;, &quot;Hiragino Sans GB&quot;, &quot;Microsoft YaHei&quot;, &quot;WenQuanYi Micro Hei&quot;, &quot;Helvetica Neue&quot;, Arial, sans-serif; font-size: 16px; font-style: normal; font-variant-ligatures: normal; font-variant-caps: normal; font-weight: normal; letter-spacing: normal; orphans: 2; text-align: left; text-indent: 0px; text-transform: none; white-space: normal; widows: 2; word-spacing: 0px; -webkit-text-stroke-width: 0px; background-color: rgb(255, 255, 255); text-decoration-style: initial; text-decoration-color: initial;\">1986年，焦若愚提议在北京西郊的百望山建一个绿色文化碑林。十年后，首都绿色文化碑林管理委员会成立，焦若愚任管委会主任。多年来，他还坚持每年参加管委会汇报。</p><p style=\"margin: 16px 0px; padding: 0px; color: rgb(34, 34, 34); font-family: &quot;PingFang SC&quot;, &quot;Hiragino Sans GB&quot;, &quot;Microsoft YaHei&quot;, &quot;WenQuanYi Micro Hei&quot;, &quot;Helvetica Neue&quot;, Arial, sans-serif; font-size: 16px; font-style: normal; font-variant-ligatures: normal; font-variant-caps: normal; font-weight: normal; letter-spacing: normal; orphans: 2; text-align: left; text-indent: 0px; text-transform: none; white-space: normal; widows: 2; word-spacing: 0px; -webkit-text-stroke-width: 0px; background-color: rgb(255, 255, 255); text-decoration-style: initial; text-decoration-color: initial;\">生态环境建设一直存在于焦若愚的脑海中。2012年党的十八大召开之前，他还专门嘱人做些木质微缩的碑林，准备送给前来参会的中共十八大代表，让他们带回全国各地，牢记生态环境建设的重要性。</p><p><br/></p>', '人大代表', '1');
INSERT INTO `news` VALUES ('66', '23', '2017-06-07 17:53:59', '哈哈哈王俊凯！我就看今年的高考作文你咋写！', '<br/><p style=\"text-align:center\"><img src=\"http://localhost:8080/news/upload/image/news/20170607/1496829172093019222.jpg\" title=\"1496829172093019222.jpg\"/></p><p style=\"margin: 0px 0px 20px; padding: 0px; word-wrap: break-word; text-align: justify; color: rgb(80, 80, 80); line-height: 1.5; font-family: helvetica; font-size: 18px; font-style: normal; font-variant-ligatures: normal; font-variant-caps: normal; font-weight: normal; letter-spacing: normal; orphans: 2; text-indent: 0px; text-transform: none; white-space: normal; widows: 2; word-spacing: 0px; -webkit-text-stroke-width: 0px; background-color: rgb(255, 255, 255); text-decoration-style: initial; text-decoration-color: initial;\">紧张的高考已经过去半天啦，今天有网友拍到了进考场的王俊凯，看样子状态不错啊。</p><p style=\"margin: 0px 0px 20px; padding: 0px; word-wrap: break-word; text-align: justify; color: rgb(80, 80, 80); line-height: 1.5; font-family: helvetica; font-size: 18px; font-style: normal; font-variant-ligatures: normal; font-variant-caps: normal; font-weight: normal; letter-spacing: normal; orphans: 2; text-indent: 0px; text-transform: none; white-space: normal; widows: 2; word-spacing: 0px; -webkit-text-stroke-width: 0px; background-color: rgb(255, 255, 255); text-decoration-style: initial; text-decoration-color: initial;\">橘子君独家福利！关注橘子娱乐 微 信 公 众 号 ：（juziyule），发送“王俊凯”，查看明星独家新闻，还有可能获得明星独家照片套装~快关注起来吧！</p><p style=\"text-align:center\"><img src=\"http://localhost:8080/news/upload/image/news/20170607/1496829172202098828.jpg\" title=\"1496829172202098828.jpg\"/></p><p><span style=\"color: rgb(80, 80, 80); font-family: helvetica; font-size: 18px; font-style: normal; font-variant-ligatures: normal; font-variant-caps: normal; font-weight: normal; letter-spacing: normal; orphans: 2; text-align: justify; text-indent: 0px; text-transform: none; white-space: normal; widows: 2; word-spacing: 0px; -webkit-text-stroke-width: 0px; background-color: rgb(255, 255, 255); text-decoration-style: initial; text-decoration-color: initial; display: inline !important; float: none;\">而上午刚刚结束的语文考试作文题目也已经出来了，看了之后不得不心疼现在的这些考生啊。</span></p><p style=\"text-align:center\"><img src=\"http://localhost:8080/news/upload/image/news/20170607/1496829172225075551.png\" title=\"1496829172225075551.png\"/></p><p><span style=\"color: rgb(80, 80, 80); font-family: helvetica; font-size: 18px; font-style: normal; font-variant-ligatures: normal; font-variant-caps: normal; font-weight: normal; letter-spacing: normal; orphans: 2; text-align: justify; text-indent: 0px; text-transform: none; white-space: normal; widows: 2; word-spacing: 0px; -webkit-text-stroke-width: 0px; background-color: rgb(255, 255, 255); text-decoration-style: initial; text-decoration-color: initial; display: inline !important; float: none;\">橘子君还在感慨这作文该咋写的时候，我们的网友却已经开始心疼王俊凯了，纷纷感叹这作文题目说的就是王俊凯本人啊。不信你看↓</span></p><p><br/></p>', '人大代表', '1');
INSERT INTO `news` VALUES ('67', '23', '2017-06-07 17:56:08', '赵铸为大连民族大学党委书记，黎树斌不再担任', '<p><span style=\"color: rgb(34, 34, 34); font-family: &quot;PingFang SC&quot;, &quot;Hiragino Sans GB&quot;, &quot;Microsoft YaHei&quot;, &quot;WenQuanYi Micro Hei&quot;, &quot;Helvetica Neue&quot;, Arial, sans-serif; font-size: 16px; font-style: normal; font-variant-ligatures: normal; font-variant-caps: normal; font-weight: normal; letter-spacing: normal; orphans: 2; text-align: left; text-indent: 0px; text-transform: none; white-space: normal; widows: 2; word-spacing: 0px; -webkit-text-stroke-width: 0px; background-color: rgb(255, 255, 255); text-decoration-style: initial; text-decoration-color: initial; display: inline !important; float: none;\">3月31日上午，大连民族大学在培训中心一楼报告厅召开全校干部教师大会，宣布中共国家民委党组关于大连民族大学党委书记职务任免的决定。经中共国家民委党组研究并商辽宁省委同意，</span><strong style=\"font-weight: 700; color: rgb(34, 34, 34); font-family: &quot;PingFang SC&quot;, &quot;Hiragino Sans GB&quot;, &quot;Microsoft YaHei&quot;, &quot;WenQuanYi Micro Hei&quot;, &quot;Helvetica Neue&quot;, Arial, sans-serif; font-size: 16px; font-style: normal; font-variant-ligatures: normal; font-variant-caps: normal; letter-spacing: normal; orphans: 2; text-align: left; text-indent: 0px; text-transform: none; white-space: normal; widows: 2; word-spacing: 0px; -webkit-text-stroke-width: 0px; background-color: rgb(255, 255, 255); text-decoration-style: initial; text-decoration-color: initial;\">黎树斌同志不再担任大连民族大学党委书记、党委委员、党委常委职务，赵铸同志任大连民族大学党委书记，不再担任大连民族大学副校长职务。</strong><span style=\"color: rgb(34, 34, 34); font-family: &quot;PingFang SC&quot;, &quot;Hiragino Sans GB&quot;, &quot;Microsoft YaHei&quot;, &quot;WenQuanYi Micro Hei&quot;, &quot;Helvetica Neue&quot;, Arial, sans-serif; font-size: 16px; font-style: normal; font-variant-ligatures: normal; font-variant-caps: normal; font-weight: normal; letter-spacing: normal; orphans: 2; text-align: left; text-indent: 0px; text-transform: none; white-space: normal; widows: 2; word-spacing: 0px; -webkit-text-stroke-width: 0px; background-color: rgb(255, 255, 255); text-decoration-style: initial; text-decoration-color: initial; display: inline !important; float: none;\">经中共国家民委党组研究，黎树斌同志任国家民委人事司司长。国家民委副主任、党组成员陈改户，辽宁省委组织部副部长赵建华，辽宁省委高校工委副书记、省教育厅党组成员李庆才，辽宁省民委党组书记、主任康捷，大连市委组织部副部长尚书臣、国家民委人事司副司长张宁、辽宁省委组织部干部五处处长何鹏飞等有关领导出席会议。校党政领导班子全体成员、退休老领导、全校处级领导干部、正高职专业技术人员参加会议。大会由校长刘玉彬主持。</span></p><p style=\"text-align:center\"><img src=\"http://localhost:8080/news/upload/image/news/20170607/1496829319120086343.jpg\" title=\"1496829319120086343.jpg\"/></p><p style=\"margin: 16px 0px; padding: 0px; color: rgb(34, 34, 34); font-family: &quot;PingFang SC&quot;, &quot;Hiragino Sans GB&quot;, &quot;Microsoft YaHei&quot;, &quot;WenQuanYi Micro Hei&quot;, &quot;Helvetica Neue&quot;, Arial, sans-serif; font-size: 16px; font-style: normal; font-variant-ligatures: normal; font-variant-caps: normal; font-weight: normal; letter-spacing: normal; orphans: 2; text-align: left; text-indent: 0px; text-transform: none; white-space: normal; widows: 2; word-spacing: 0px; -webkit-text-stroke-width: 0px; background-color: rgb(255, 255, 255); text-decoration-style: initial; text-decoration-color: initial;\">陈改户宣读中共国家民委党组关于黎树斌、赵铸任免职的通知并作重要讲话。他指出，国家民委党组关于大连民族大学党委书记任免调整的决定，是党组根据工作需要，经过通盘考虑和认真研究作出的决定，充分体现了党组对大连民族大学领导班子建设和学校发展的高度重视。</p><p style=\"margin: 16px 0px; padding: 0px; color: rgb(34, 34, 34); font-family: &quot;PingFang SC&quot;, &quot;Hiragino Sans GB&quot;, &quot;Microsoft YaHei&quot;, &quot;WenQuanYi Micro Hei&quot;, &quot;Helvetica Neue&quot;, Arial, sans-serif; font-size: 16px; font-style: normal; font-variant-ligatures: normal; font-variant-caps: normal; font-weight: normal; letter-spacing: normal; orphans: 2; text-align: left; text-indent: 0px; text-transform: none; white-space: normal; widows: 2; word-spacing: 0px; -webkit-text-stroke-width: 0px; background-color: rgb(255, 255, 255); text-decoration-style: initial; text-decoration-color: initial;\">陈改户指出，黎树斌同志长期在大连民族大学工作，2004年12月担任学校党委书记。12年来，他团结带领学校班子，在国家民委党组和辽宁省委的领导下，在全校师生员工的支持下，认真贯彻党的教育方针和民族政策，深入落实国家民委党组决策部署，坚持社会主义办学方向，紧紧围绕建设特色鲜明的高水平现代化民族大学的目标，坚持为少数民族和民族地区服务的办学宗旨，着力实施质量立校、科技兴校、人才强校和国际化发展战略，认真履行管党治党、办学治校主体责任，牢牢把握意识形态工作领导权，把方向、管大局、抓班子、带队伍，努力凝练办学特色，积极探索在沿海开放地区发展优质民族高等教育的创新之路，全面推进学校党的建设和改革发展各项事业，学校党的建设、教学科研、人才培养、队伍建设、对外合作交流、和谐校园建设等各个方面取得明显成效，各项事业发展有了更好的基础、更好的态势。黎树斌同志政治立场坚定，大局意识强。懂教学、会管理，领导经验丰富。坚持党委领导下的校长负责制，工作思路清晰，创新意识和开拓进取精神比较强。贯彻民主集中制，注重调动各方面的积极性。有强烈的事业心和责任心，公道正派，团结同志，要求自己比较严格，在干部群众中有很高的威信。对黎树斌同志的工作，国家民委党组是充分肯定的。党组向黎树斌同志对大连民族大学的辛勤付出和作出的重要贡献表示衷心感谢。希望黎树斌同志一如既往地关心、支持学校的工作。</p><p style=\"margin: 16px 0px; padding: 0px; color: rgb(34, 34, 34); font-family: &quot;PingFang SC&quot;, &quot;Hiragino Sans GB&quot;, &quot;Microsoft YaHei&quot;, &quot;WenQuanYi Micro Hei&quot;, &quot;Helvetica Neue&quot;, Arial, sans-serif; font-size: 16px; font-style: normal; font-variant-ligatures: normal; font-variant-caps: normal; font-weight: normal; letter-spacing: normal; orphans: 2; text-align: left; text-indent: 0px; text-transform: none; white-space: normal; widows: 2; word-spacing: 0px; -webkit-text-stroke-width: 0px; background-color: rgb(255, 255, 255); text-decoration-style: initial; text-decoration-color: initial;\">陈改户指出，赵铸同志政治立场坚定，综合素质比较好，大局意识和全局观念比较强，有一定的创新精神。工作思路清晰，思维敏捷，考虑问题比较周到。熟悉学校各方面情况，对民族高等教育比较熟悉。事业心和责任感比较强，为人正派，作风严谨，待人谦和，要求自己比较严格。相信赵铸同志一定不负众望，与刘玉彬同志和其他班子成员一道，紧紧依靠广大师生员工，勠力同心，开拓进取，不断开创学校各项工作的新局面。相信大连民族大学的广大教职员工一定会把思想和行动统一到党组的决定精神上来，全力支持赵铸同志的工作，全力支持学校领导班子的工作，齐心协力把大连民族大学办得更好。</p><p style=\"margin: 16px 0px; padding: 0px; color: rgb(34, 34, 34); font-family: &quot;PingFang SC&quot;, &quot;Hiragino Sans GB&quot;, &quot;Microsoft YaHei&quot;, &quot;WenQuanYi Micro Hei&quot;, &quot;Helvetica Neue&quot;, Arial, sans-serif; font-size: 16px; font-style: normal; font-variant-ligatures: normal; font-variant-caps: normal; font-weight: normal; letter-spacing: normal; orphans: 2; text-align: left; text-indent: 0px; text-transform: none; white-space: normal; widows: 2; word-spacing: 0px; -webkit-text-stroke-width: 0px; background-color: rgb(255, 255, 255); text-decoration-style: initial; text-decoration-color: initial;\">陈改户指出，经过30多年的发展，大连民族大学已经处在新的历史起点上。今年要召开党的十九大，今年也是实施“十三五”规划的重要一年，要坚持稳中求进，奋发有为，不断推动学校的创新发展。他对大连民族大学提出了希望和要求,一要坚持社会主义办学方向；二要坚持特色办学和内涵发展；三要坚持推进学校治理能力现代化；四要坚持和完善党委领导下的校长负责制。相信在国家民委党组和辽宁省委的正确领导下，在学校领导班子的带领下，在全校干部职工的共同努力下，大连民族大学一定会再创新的辉煌。</p><p style=\"text-align:center\"><img src=\"http://localhost:8080/news/upload/image/news/20170607/1496829319142028497.jpg\" title=\"1496829319142028497.jpg\"/></p><p><span style=\"color: rgb(34, 34, 34); font-family: &quot;PingFang SC&quot;, &quot;Hiragino Sans GB&quot;, &quot;Microsoft YaHei&quot;, &quot;WenQuanYi Micro Hei&quot;, &quot;Helvetica Neue&quot;, Arial, sans-serif; font-size: 16px; font-style: normal; font-variant-ligatures: normal; font-variant-caps: normal; font-weight: normal; letter-spacing: normal; orphans: 2; text-align: left; text-indent: 0px; text-transform: none; white-space: normal; widows: 2; word-spacing: 0px; -webkit-text-stroke-width: 0px; background-color: rgb(255, 255, 255); text-decoration-style: initial; text-decoration-color: initial; display: inline !important; float: none;\">赵建华代表省委、省政府作了讲话。他指出，这次国家民委党组对大连民族大学党委书记的调整，是根据工作需要，征得省里意见后作出的重要决定。辽宁省委省政府同意并支持这一决定。省委省政府对黎树斌同志、对大连民族大学的工作是充分肯定的,希望黎树斌同志继续关心支持大连民族大学的改革发展，关心支持辽宁民族工作的改革发展。赵铸同志思想政治素质好，党性观念强，有较高的理论政策水平。相信赵铸同志任职后，一定会与班子成员一道，团结带领全校教职员工，齐心协力开创学校事业发展的新局面。希望以赵铸同志为班长的党委一班人，牢固树立政治意识、大局意识、核心意识、看齐意识，牢牢把握坚持社会主义办学方向，紧紧围绕建设特色鲜明的高水平现代化民族大学的目标，不断把大连民族大学改革发展的各项工作提高到一个新的水平，为推动全国民族事业的发展，为辽宁扎实推进振兴发展，全民建成小康社会提供有力的人才和智力支持。作为大连民族大学的共建方和干部的协管单位，辽宁省委、省政府将一如既往地支持大连民族大学的建设和发展，全心全意做好各项服务工作，为学校实现战略发展目标创造有利条件。</span></p><p style=\"text-align:center\"><img src=\"http://localhost:8080/news/upload/image/news/20170607/1496829319194065898.jpg\" title=\"1496829319194065898.jpg\"/></p><p><span style=\"color: rgb(34, 34, 34); font-family: &quot;PingFang SC&quot;, &quot;Hiragino Sans GB&quot;, &quot;Microsoft YaHei&quot;, &quot;WenQuanYi Micro Hei&quot;, &quot;Helvetica Neue&quot;, Arial, sans-serif; font-size: 16px; font-style: normal; font-variant-ligatures: normal; font-variant-caps: normal; font-weight: normal; letter-spacing: normal; orphans: 2; text-align: left; text-indent: 0px; text-transform: none; white-space: normal; widows: 2; word-spacing: 0px; -webkit-text-stroke-width: 0px; background-color: rgb(255, 255, 255); text-decoration-style: initial; text-decoration-color: initial; display: inline !important; float: none;\">黎树斌在讲话中表示，坚决拥护国家民委党组的决定，服从组织的安排。在大连民族大学工作的22年，参与了学校创业发展的奋斗历程，见证了学校成长巨变的精彩瞬间。抚今追昔，最强的感受是感恩、是感动、是感谢，最大的收获是创业，是发展，是拼搏，最好的回报是团结、是共识、是和谐，最难的割舍是依恋，是祝福，是祝愿。感恩党和国家高度重视民族高等教育事业，始终把办好民族院校作为国家的大政方针。感谢党组织多年对我的培养、信任、教育与关怀。感谢老领导老同志长期以来的培养与帮助。感谢在校任党委书记期间朝夕共事的领导班子成员的相互支持，感谢全校各级干部和广大师生的凝心聚力和大力支持。今后将时刻关心和支持学校的发展，积极以各种方式对学校的发展继续尽绵薄之力。</span></p><p style=\"text-align:center\"><img src=\"http://localhost:8080/news/upload/image/news/20170607/1496829319253091861.jpg\" title=\"1496829319253091861.jpg\"/></p><p><span style=\"color: rgb(34, 34, 34); font-family: &quot;PingFang SC&quot;, &quot;Hiragino Sans GB&quot;, &quot;Microsoft YaHei&quot;, &quot;WenQuanYi Micro Hei&quot;, &quot;Helvetica Neue&quot;, Arial, sans-serif; font-size: 16px; font-style: normal; font-variant-ligatures: normal; font-variant-caps: normal; font-weight: normal; letter-spacing: normal; orphans: 2; text-align: left; text-indent: 0px; text-transform: none; white-space: normal; widows: 2; word-spacing: 0px; -webkit-text-stroke-width: 0px; background-color: rgb(255, 255, 255); text-decoration-style: initial; text-decoration-color: initial; display: inline !important; float: none;\">赵铸在讲话中感谢国家民委党组和省委的信任及重托,感谢全校广大干部和师生员工的支持和厚爱。他表示，将按照国家民委党组和省委省政府的要求，结合实际抓好贯彻落实。一是牢固树立“四个意识”，坚决自觉地与以习近平同志为核心的党中央保持高度一致。二是切实履行全面从严治党主体责任，牢牢把握党对高校工作的全面领导。三是牢固树立为少数民族和民族地区服务的办学宗旨。四是聚精会神抓好发展第一要务，推动学校快速发展。五是工作上做到担当负责，作风上做到务实廉洁。他表示，将在国家民委和地方党委的正确领导下，带领全校干部和师生员工，认清形势，迎接挑战，奋发图强，攻坚克难, 撸起袖子加油干，推动大连民族大学加快发展，以优异成绩迎接党的十九大召开。</span></p><p><br/></p>', '人大代表', '1');
INSERT INTO `news` VALUES ('68', '23', '2017-06-07 17:57:42', '170304 陈学冬现身大连民族大学拍戏 饰演正义的人民警察', '<p><span style=\"color: rgb(34, 34, 34); font-family: &quot;PingFang SC&quot;, &quot;Hiragino Sans GB&quot;, &quot;Microsoft YaHei&quot;, &quot;WenQuanYi Micro Hei&quot;, &quot;Helvetica Neue&quot;, Arial, sans-serif; font-size: 16px; font-style: normal; font-variant-ligatures: normal; font-variant-caps: normal; font-weight: normal; letter-spacing: normal; orphans: 2; text-align: left; text-indent: 0px; text-transform: none; white-space: normal; widows: 2; word-spacing: 0px; -webkit-text-stroke-width: 0px; background-color: rgb(255, 255, 255); text-decoration-style: initial; text-decoration-color: initial; display: inline !important; float: none;\">爱豆新闻讯 今日，有网友爆料我们冬冬去了大连民族大学拍戏，从网友分享的图片来看，冬冬饰演的应该是一名警察，俊郎的五官，穿着警服，很有正义的感觉哈。期待我们冬冬的表现，另外有机会在现场的小伙伴们不要去打扰剧组和冬冬，祝冬冬拍戏一切顺利吧(^V^) (文/想起你来便会微笑1102 图cr.logo)</span></p><p><img src=\"http://localhost:8080/news/upload/image/news/20170607/1496829458499074565.jpg\" title=\"1496829458499074565.jpg\"/></p><p><img src=\"http://localhost:8080/news/upload/image/news/20170607/1496829458509037396.jpg\" title=\"1496829458509037396.jpg\"/></p><p><br/></p>', '人大代表', '1');
INSERT INTO `news` VALUES ('69', '23', '2017-06-07 18:56:53', '新津川湘味家常菜将成新津美食的一道招牌，明天开业8.8折', '<p style=\"margin: 16px 0px; padding: 0px; color: rgb(34, 34, 34); font-family: &quot;PingFang SC&quot;, &quot;Hiragino Sans GB&quot;, &quot;Microsoft YaHei&quot;, &quot;WenQuanYi Micro Hei&quot;, &quot;Helvetica Neue&quot;, Arial, sans-serif; font-size: 16px; font-style: normal; font-variant-ligatures: normal; font-variant-caps: normal; font-weight: normal; letter-spacing: normal; orphans: 2; text-align: left; text-indent: 0px; text-transform: none; white-space: normal; widows: 2; word-spacing: 0px; -webkit-text-stroke-width: 0px; background-color: rgb(255, 255, 255); text-decoration-style: initial; text-decoration-color: initial;\">又到短袖季节</p><p style=\"margin: 16px 0px; padding: 0px; color: rgb(34, 34, 34); font-family: &quot;PingFang SC&quot;, &quot;Hiragino Sans GB&quot;, &quot;Microsoft YaHei&quot;, &quot;WenQuanYi Micro Hei&quot;, &quot;Helvetica Neue&quot;, Arial, sans-serif; font-size: 16px; font-style: normal; font-variant-ligatures: normal; font-variant-caps: normal; font-weight: normal; letter-spacing: normal; orphans: 2; text-align: left; text-indent: 0px; text-transform: none; white-space: normal; widows: 2; word-spacing: 0px; -webkit-text-stroke-width: 0px; background-color: rgb(255, 255, 255); text-decoration-style: initial; text-decoration-color: initial;\">街上一大波美腿随时随地从视线中飘过</p><p style=\"margin: 16px 0px; padding: 0px; color: rgb(34, 34, 34); font-family: &quot;PingFang SC&quot;, &quot;Hiragino Sans GB&quot;, &quot;Microsoft YaHei&quot;, &quot;WenQuanYi Micro Hei&quot;, &quot;Helvetica Neue&quot;, Arial, sans-serif; font-size: 16px; font-style: normal; font-variant-ligatures: normal; font-variant-caps: normal; font-weight: normal; letter-spacing: normal; orphans: 2; text-align: left; text-indent: 0px; text-transform: none; white-space: normal; widows: 2; word-spacing: 0px; -webkit-text-stroke-width: 0px; background-color: rgb(255, 255, 255); text-decoration-style: initial; text-decoration-color: initial;\">为啥要说飘过</p><p style=\"margin: 16px 0px; padding: 0px; color: rgb(34, 34, 34); font-family: &quot;PingFang SC&quot;, &quot;Hiragino Sans GB&quot;, &quot;Microsoft YaHei&quot;, &quot;WenQuanYi Micro Hei&quot;, &quot;Helvetica Neue&quot;, Arial, sans-serif; font-size: 16px; font-style: normal; font-variant-ligatures: normal; font-variant-caps: normal; font-weight: normal; letter-spacing: normal; orphans: 2; text-align: left; text-indent: 0px; text-transform: none; white-space: normal; widows: 2; word-spacing: 0px; -webkit-text-stroke-width: 0px; background-color: rgb(255, 255, 255); text-decoration-style: initial; text-decoration-color: initial;\">老实的我要承认看到这一景致我已眼花了</p><p style=\"margin: 16px 0px; padding: 0px; color: rgb(34, 34, 34); font-family: &quot;PingFang SC&quot;, &quot;Hiragino Sans GB&quot;, &quot;Microsoft YaHei&quot;, &quot;WenQuanYi Micro Hei&quot;, &quot;Helvetica Neue&quot;, Arial, sans-serif; font-size: 16px; font-style: normal; font-variant-ligatures: normal; font-variant-caps: normal; font-weight: normal; letter-spacing: normal; orphans: 2; text-align: left; text-indent: 0px; text-transform: none; white-space: normal; widows: 2; word-spacing: 0px; -webkit-text-stroke-width: 0px; background-color: rgb(255, 255, 255); text-decoration-style: initial; text-decoration-color: initial;\">更重要的是</p><p style=\"margin: 16px 0px; padding: 0px; color: rgb(34, 34, 34); font-family: &quot;PingFang SC&quot;, &quot;Hiragino Sans GB&quot;, &quot;Microsoft YaHei&quot;, &quot;WenQuanYi Micro Hei&quot;, &quot;Helvetica Neue&quot;, Arial, sans-serif; font-size: 16px; font-style: normal; font-variant-ligatures: normal; font-variant-caps: normal; font-weight: normal; letter-spacing: normal; orphans: 2; text-align: left; text-indent: 0px; text-transform: none; white-space: normal; widows: 2; word-spacing: 0px; -webkit-text-stroke-width: 0px; background-color: rgb(255, 255, 255); text-decoration-style: initial; text-decoration-color: initial;\">热啊...热啊</p><p style=\"margin: 16px 0px; padding: 0px; color: rgb(34, 34, 34); font-family: &quot;PingFang SC&quot;, &quot;Hiragino Sans GB&quot;, &quot;Microsoft YaHei&quot;, &quot;WenQuanYi Micro Hei&quot;, &quot;Helvetica Neue&quot;, Arial, sans-serif; font-size: 16px; font-style: normal; font-variant-ligatures: normal; font-variant-caps: normal; font-weight: normal; letter-spacing: normal; orphans: 2; text-align: left; text-indent: 0px; text-transform: none; white-space: normal; widows: 2; word-spacing: 0px; -webkit-text-stroke-width: 0px; background-color: rgb(255, 255, 255); text-decoration-style: initial; text-decoration-color: initial;\">连.....</p><p style=\"text-align:center\"><img src=\"http://localhost:8080/news/upload/image/news/20170607/1496832902841008564.jpg\" title=\"1496832902841008564.jpg\"/></p><p style=\"margin: 16px 0px; padding: 0px; color: rgb(34, 34, 34); font-family: &quot;PingFang SC&quot;, &quot;Hiragino Sans GB&quot;, &quot;Microsoft YaHei&quot;, &quot;WenQuanYi Micro Hei&quot;, &quot;Helvetica Neue&quot;, Arial, sans-serif; font-size: 16px; font-style: normal; font-variant-ligatures: normal; font-variant-caps: normal; font-weight: normal; letter-spacing: normal; orphans: 2; text-align: left; text-indent: 0px; text-transform: none; white-space: normal; widows: 2; word-spacing: 0px; -webkit-text-stroke-width: 0px; background-color: rgb(255, 255, 255); text-decoration-style: initial; text-decoration-color: initial;\">这炎热的夏季不少小伙伴表示不想吃</p><p style=\"margin: 16px 0px; padding: 0px; color: rgb(34, 34, 34); font-family: &quot;PingFang SC&quot;, &quot;Hiragino Sans GB&quot;, &quot;Microsoft YaHei&quot;, &quot;WenQuanYi Micro Hei&quot;, &quot;Helvetica Neue&quot;, Arial, sans-serif; font-size: 16px; font-style: normal; font-variant-ligatures: normal; font-variant-caps: normal; font-weight: normal; letter-spacing: normal; orphans: 2; text-align: left; text-indent: 0px; text-transform: none; white-space: normal; widows: 2; word-spacing: 0px; -webkit-text-stroke-width: 0px; background-color: rgb(255, 255, 255); text-decoration-style: initial; text-decoration-color: initial;\">没胃口</p><p style=\"margin: 16px 0px; padding: 0px; color: rgb(34, 34, 34); font-family: &quot;PingFang SC&quot;, &quot;Hiragino Sans GB&quot;, &quot;Microsoft YaHei&quot;, &quot;WenQuanYi Micro Hei&quot;, &quot;Helvetica Neue&quot;, Arial, sans-serif; font-size: 16px; font-style: normal; font-variant-ligatures: normal; font-variant-caps: normal; font-weight: normal; letter-spacing: normal; orphans: 2; text-align: left; text-indent: 0px; text-transform: none; white-space: normal; widows: 2; word-spacing: 0px; -webkit-text-stroke-width: 0px; background-color: rgb(255, 255, 255); text-decoration-style: initial; text-decoration-color: initial;\">但是今天小编要给大家推荐一家新店</p><p style=\"margin: 16px 0px; padding: 0px; color: rgb(34, 34, 34); font-family: &quot;PingFang SC&quot;, &quot;Hiragino Sans GB&quot;, &quot;Microsoft YaHei&quot;, &quot;WenQuanYi Micro Hei&quot;, &quot;Helvetica Neue&quot;, Arial, sans-serif; font-size: 16px; font-style: normal; font-variant-ligatures: normal; font-variant-caps: normal; font-weight: normal; letter-spacing: normal; orphans: 2; text-align: left; text-indent: 0px; text-transform: none; white-space: normal; widows: 2; word-spacing: 0px; -webkit-text-stroke-width: 0px; background-color: rgb(255, 255, 255); text-decoration-style: initial; text-decoration-color: initial;\">保证你胃口大开</p><p style=\"margin: 16px 0px; padding: 0px; color: rgb(34, 34, 34); font-family: &quot;PingFang SC&quot;, &quot;Hiragino Sans GB&quot;, &quot;Microsoft YaHei&quot;, &quot;WenQuanYi Micro Hei&quot;, &quot;Helvetica Neue&quot;, Arial, sans-serif; font-size: 16px; font-style: normal; font-variant-ligatures: normal; font-variant-caps: normal; font-weight: normal; letter-spacing: normal; orphans: 2; text-align: left; text-indent: 0px; text-transform: none; white-space: normal; widows: 2; word-spacing: 0px; -webkit-text-stroke-width: 0px; background-color: rgb(255, 255, 255); text-decoration-style: initial; text-decoration-color: initial;\"><strong style=\"font-weight: 700;\">川湘味家常菜</strong></p><p style=\"margin: 16px 0px; padding: 0px; color: rgb(34, 34, 34); font-family: &quot;PingFang SC&quot;, &quot;Hiragino Sans GB&quot;, &quot;Microsoft YaHei&quot;, &quot;WenQuanYi Micro Hei&quot;, &quot;Helvetica Neue&quot;, Arial, sans-serif; font-size: 16px; font-style: normal; font-variant-ligatures: normal; font-variant-caps: normal; font-weight: normal; letter-spacing: normal; orphans: 2; text-align: left; text-indent: 0px; text-transform: none; white-space: normal; widows: 2; word-spacing: 0px; -webkit-text-stroke-width: 0px; background-color: rgb(255, 255, 255); text-decoration-style: initial; text-decoration-color: initial;\">绝对的良心推荐哦</p><p style=\"margin: 16px 0px; padding: 0px; color: rgb(34, 34, 34); font-family: &quot;PingFang SC&quot;, &quot;Hiragino Sans GB&quot;, &quot;Microsoft YaHei&quot;, &quot;WenQuanYi Micro Hei&quot;, &quot;Helvetica Neue&quot;, Arial, sans-serif; font-size: 16px; font-style: normal; font-variant-ligatures: normal; font-variant-caps: normal; font-weight: normal; letter-spacing: normal; orphans: 2; text-align: left; text-indent: 0px; text-transform: none; white-space: normal; widows: 2; word-spacing: 0px; -webkit-text-stroke-width: 0px; background-color: rgb(255, 255, 255); text-decoration-style: initial; text-decoration-color: initial;\">去了一次绝对还想吃第二、第三次......</p><p style=\"margin: 16px 0px; padding: 0px; color: rgb(34, 34, 34); font-family: &quot;PingFang SC&quot;, &quot;Hiragino Sans GB&quot;, &quot;Microsoft YaHei&quot;, &quot;WenQuanYi Micro Hei&quot;, &quot;Helvetica Neue&quot;, Arial, sans-serif; font-size: 16px; font-style: normal; font-variant-ligatures: normal; font-variant-caps: normal; font-weight: normal; letter-spacing: normal; orphans: 2; text-align: left; text-indent: 0px; text-transform: none; white-space: normal; widows: 2; word-spacing: 0px; -webkit-text-stroke-width: 0px; background-color: rgb(255, 255, 255); text-decoration-style: initial; text-decoration-color: initial;\">鲜、嫩、香、辣，剁椒鱼头的美妙滋味层层叠叠，是这家餐厅的必点头牌，吃完鱼肉再来一份烧椒鹌鹑蛋，这知味，唔~幸福不言而喻。</p><p style=\"text-align:center\"><img src=\"http://localhost:8080/news/upload/image/news/20170607/1496832902641040139.jpg\" title=\"1496832902641040139.jpg\"/></p><p><strong style=\"font-weight: 700; color: rgb(34, 34, 34); font-family: &quot;PingFang SC&quot;, &quot;Hiragino Sans GB&quot;, &quot;Microsoft YaHei&quot;, &quot;WenQuanYi Micro Hei&quot;, &quot;Helvetica Neue&quot;, Arial, sans-serif; font-size: 16px; font-style: normal; font-variant-ligatures: normal; font-variant-caps: normal; letter-spacing: normal; orphans: 2; text-align: left; text-indent: 0px; text-transform: none; white-space: normal; widows: 2; word-spacing: 0px; -webkit-text-stroke-width: 0px; background-color: rgb(255, 255, 255); text-decoration-style: initial; text-decoration-color: initial;\">-挑对鱼够新鲜-</strong></p><p style=\"text-align:center\"><img src=\"http://localhost:8080/news/upload/image/news/20170607/1496832902648017465.jpg\" title=\"1496832902648017465.jpg\"/></p><p style=\"margin: 16px 0px; padding: 0px; color: rgb(34, 34, 34); font-family: &quot;PingFang SC&quot;, &quot;Hiragino Sans GB&quot;, &quot;Microsoft YaHei&quot;, &quot;WenQuanYi Micro Hei&quot;, &quot;Helvetica Neue&quot;, Arial, sans-serif; font-size: 16px; font-style: normal; font-variant-ligatures: normal; font-variant-caps: normal; font-weight: normal; letter-spacing: normal; orphans: 2; text-align: left; text-indent: 0px; text-transform: none; white-space: normal; widows: 2; word-spacing: 0px; -webkit-text-stroke-width: 0px; background-color: rgb(255, 255, 255); text-decoration-style: initial; text-decoration-color: initial;\">鱼头选用花鲢鱼头，肉质细嫩，没有过重的土腥气，而且鱼刺较少</p><p style=\"margin: 16px 0px; padding: 0px; color: rgb(34, 34, 34); font-family: &quot;PingFang SC&quot;, &quot;Hiragino Sans GB&quot;, &quot;Microsoft YaHei&quot;, &quot;WenQuanYi Micro Hei&quot;, &quot;Helvetica Neue&quot;, Arial, sans-serif; font-size: 16px; font-style: normal; font-variant-ligatures: normal; font-variant-caps: normal; font-weight: normal; letter-spacing: normal; orphans: 2; text-align: left; text-indent: 0px; text-transform: none; white-space: normal; widows: 2; word-spacing: 0px; -webkit-text-stroke-width: 0px; background-color: rgb(255, 255, 255); text-decoration-style: initial; text-decoration-color: initial;\">小编从小就不爱吃肥肉，在推荐这家店之前店家做了这道菜让我试吃那一口下去终于打破了我不吃肥肉的习惯。微甜而不腻，肉不是特别烂有点嚼劲，一直属于饭遭殃型的好菜。</p><p style=\"text-align:center\"><img src=\"http://localhost:8080/news/upload/image/news/20170607/1496832902708095928.jpg\" title=\"1496832902708095928.jpg\"/></p><p><span style=\"color: rgb(34, 34, 34); font-family: &quot;PingFang SC&quot;, &quot;Hiragino Sans GB&quot;, &quot;Microsoft YaHei&quot;, &quot;WenQuanYi Micro Hei&quot;, &quot;Helvetica Neue&quot;, Arial, sans-serif; font-size: 16px; font-style: normal; font-variant-ligatures: normal; font-variant-caps: normal; font-weight: normal; letter-spacing: normal; orphans: 2; text-align: left; text-indent: 0px; text-transform: none; white-space: normal; widows: 2; word-spacing: 0px; -webkit-text-stroke-width: 0px; background-color: rgb(255, 255, 255); text-decoration-style: initial; text-decoration-color: initial; display: inline !important; float: none;\">烧椒鹌鹑皮蛋，啥都不说，就看这晶莹剔透的蛋白，金黄的蛋心，和这烧椒搅拌一下，一口一个，啧啧啧，爽口啊！</span></p><p style=\"text-align:center\"><img src=\"http://localhost:8080/news/upload/image/news/20170607/1496832902783079846.jpg\" title=\"1496832902783079846.jpg\"/></p><p style=\"text-align:center\"><img src=\"http://localhost:8080/news/upload/image/news/20170607/1496832902793058093.jpg\" title=\"1496832902793058093.jpg\"/></p><p><br/></p><p><br/></p>', '美食', '8');
INSERT INTO `news` VALUES ('70', '23', '2017-06-07 18:57:00', '新津川湘味家常菜将成新津美食的一道招牌，明天开业8.8折', '<p style=\"margin: 16px 0px; padding: 0px; color: rgb(34, 34, 34); font-family: &quot;PingFang SC&quot;, &quot;Hiragino Sans GB&quot;, &quot;Microsoft YaHei&quot;, &quot;WenQuanYi Micro Hei&quot;, &quot;Helvetica Neue&quot;, Arial, sans-serif; font-size: 16px; font-style: normal; font-variant-ligatures: normal; font-variant-caps: normal; font-weight: normal; letter-spacing: normal; orphans: 2; text-align: left; text-indent: 0px; text-transform: none; white-space: normal; widows: 2; word-spacing: 0px; -webkit-text-stroke-width: 0px; background-color: rgb(255, 255, 255); text-decoration-style: initial; text-decoration-color: initial;\">又到短袖季节</p><p style=\"margin: 16px 0px; padding: 0px; color: rgb(34, 34, 34); font-family: &quot;PingFang SC&quot;, &quot;Hiragino Sans GB&quot;, &quot;Microsoft YaHei&quot;, &quot;WenQuanYi Micro Hei&quot;, &quot;Helvetica Neue&quot;, Arial, sans-serif; font-size: 16px; font-style: normal; font-variant-ligatures: normal; font-variant-caps: normal; font-weight: normal; letter-spacing: normal; orphans: 2; text-align: left; text-indent: 0px; text-transform: none; white-space: normal; widows: 2; word-spacing: 0px; -webkit-text-stroke-width: 0px; background-color: rgb(255, 255, 255); text-decoration-style: initial; text-decoration-color: initial;\">街上一大波美腿随时随地从视线中飘过</p><p style=\"margin: 16px 0px; padding: 0px; color: rgb(34, 34, 34); font-family: &quot;PingFang SC&quot;, &quot;Hiragino Sans GB&quot;, &quot;Microsoft YaHei&quot;, &quot;WenQuanYi Micro Hei&quot;, &quot;Helvetica Neue&quot;, Arial, sans-serif; font-size: 16px; font-style: normal; font-variant-ligatures: normal; font-variant-caps: normal; font-weight: normal; letter-spacing: normal; orphans: 2; text-align: left; text-indent: 0px; text-transform: none; white-space: normal; widows: 2; word-spacing: 0px; -webkit-text-stroke-width: 0px; background-color: rgb(255, 255, 255); text-decoration-style: initial; text-decoration-color: initial;\">为啥要说飘过</p><p style=\"margin: 16px 0px; padding: 0px; color: rgb(34, 34, 34); font-family: &quot;PingFang SC&quot;, &quot;Hiragino Sans GB&quot;, &quot;Microsoft YaHei&quot;, &quot;WenQuanYi Micro Hei&quot;, &quot;Helvetica Neue&quot;, Arial, sans-serif; font-size: 16px; font-style: normal; font-variant-ligatures: normal; font-variant-caps: normal; font-weight: normal; letter-spacing: normal; orphans: 2; text-align: left; text-indent: 0px; text-transform: none; white-space: normal; widows: 2; word-spacing: 0px; -webkit-text-stroke-width: 0px; background-color: rgb(255, 255, 255); text-decoration-style: initial; text-decoration-color: initial;\">老实的我要承认看到这一景致我已眼花了</p><p style=\"margin: 16px 0px; padding: 0px; color: rgb(34, 34, 34); font-family: &quot;PingFang SC&quot;, &quot;Hiragino Sans GB&quot;, &quot;Microsoft YaHei&quot;, &quot;WenQuanYi Micro Hei&quot;, &quot;Helvetica Neue&quot;, Arial, sans-serif; font-size: 16px; font-style: normal; font-variant-ligatures: normal; font-variant-caps: normal; font-weight: normal; letter-spacing: normal; orphans: 2; text-align: left; text-indent: 0px; text-transform: none; white-space: normal; widows: 2; word-spacing: 0px; -webkit-text-stroke-width: 0px; background-color: rgb(255, 255, 255); text-decoration-style: initial; text-decoration-color: initial;\">更重要的是</p><p style=\"margin: 16px 0px; padding: 0px; color: rgb(34, 34, 34); font-family: &quot;PingFang SC&quot;, &quot;Hiragino Sans GB&quot;, &quot;Microsoft YaHei&quot;, &quot;WenQuanYi Micro Hei&quot;, &quot;Helvetica Neue&quot;, Arial, sans-serif; font-size: 16px; font-style: normal; font-variant-ligatures: normal; font-variant-caps: normal; font-weight: normal; letter-spacing: normal; orphans: 2; text-align: left; text-indent: 0px; text-transform: none; white-space: normal; widows: 2; word-spacing: 0px; -webkit-text-stroke-width: 0px; background-color: rgb(255, 255, 255); text-decoration-style: initial; text-decoration-color: initial;\">热啊...热啊</p><p style=\"margin: 16px 0px; padding: 0px; color: rgb(34, 34, 34); font-family: &quot;PingFang SC&quot;, &quot;Hiragino Sans GB&quot;, &quot;Microsoft YaHei&quot;, &quot;WenQuanYi Micro Hei&quot;, &quot;Helvetica Neue&quot;, Arial, sans-serif; font-size: 16px; font-style: normal; font-variant-ligatures: normal; font-variant-caps: normal; font-weight: normal; letter-spacing: normal; orphans: 2; text-align: left; text-indent: 0px; text-transform: none; white-space: normal; widows: 2; word-spacing: 0px; -webkit-text-stroke-width: 0px; background-color: rgb(255, 255, 255); text-decoration-style: initial; text-decoration-color: initial;\">连.....</p><p style=\"text-align:center\"><img src=\"http://localhost:8080/news/upload/image/news/20170607/1496832902841008564.jpg\" title=\"1496832902841008564.jpg\"/></p><p style=\"margin: 16px 0px; padding: 0px; color: rgb(34, 34, 34); font-family: &quot;PingFang SC&quot;, &quot;Hiragino Sans GB&quot;, &quot;Microsoft YaHei&quot;, &quot;WenQuanYi Micro Hei&quot;, &quot;Helvetica Neue&quot;, Arial, sans-serif; font-size: 16px; font-style: normal; font-variant-ligatures: normal; font-variant-caps: normal; font-weight: normal; letter-spacing: normal; orphans: 2; text-align: left; text-indent: 0px; text-transform: none; white-space: normal; widows: 2; word-spacing: 0px; -webkit-text-stroke-width: 0px; background-color: rgb(255, 255, 255); text-decoration-style: initial; text-decoration-color: initial;\">这炎热的夏季不少小伙伴表示不想吃</p><p style=\"margin: 16px 0px; padding: 0px; color: rgb(34, 34, 34); font-family: &quot;PingFang SC&quot;, &quot;Hiragino Sans GB&quot;, &quot;Microsoft YaHei&quot;, &quot;WenQuanYi Micro Hei&quot;, &quot;Helvetica Neue&quot;, Arial, sans-serif; font-size: 16px; font-style: normal; font-variant-ligatures: normal; font-variant-caps: normal; font-weight: normal; letter-spacing: normal; orphans: 2; text-align: left; text-indent: 0px; text-transform: none; white-space: normal; widows: 2; word-spacing: 0px; -webkit-text-stroke-width: 0px; background-color: rgb(255, 255, 255); text-decoration-style: initial; text-decoration-color: initial;\">没胃口</p><p style=\"margin: 16px 0px; padding: 0px; color: rgb(34, 34, 34); font-family: &quot;PingFang SC&quot;, &quot;Hiragino Sans GB&quot;, &quot;Microsoft YaHei&quot;, &quot;WenQuanYi Micro Hei&quot;, &quot;Helvetica Neue&quot;, Arial, sans-serif; font-size: 16px; font-style: normal; font-variant-ligatures: normal; font-variant-caps: normal; font-weight: normal; letter-spacing: normal; orphans: 2; text-align: left; text-indent: 0px; text-transform: none; white-space: normal; widows: 2; word-spacing: 0px; -webkit-text-stroke-width: 0px; background-color: rgb(255, 255, 255); text-decoration-style: initial; text-decoration-color: initial;\">但是今天小编要给大家推荐一家新店</p><p style=\"margin: 16px 0px; padding: 0px; color: rgb(34, 34, 34); font-family: &quot;PingFang SC&quot;, &quot;Hiragino Sans GB&quot;, &quot;Microsoft YaHei&quot;, &quot;WenQuanYi Micro Hei&quot;, &quot;Helvetica Neue&quot;, Arial, sans-serif; font-size: 16px; font-style: normal; font-variant-ligatures: normal; font-variant-caps: normal; font-weight: normal; letter-spacing: normal; orphans: 2; text-align: left; text-indent: 0px; text-transform: none; white-space: normal; widows: 2; word-spacing: 0px; -webkit-text-stroke-width: 0px; background-color: rgb(255, 255, 255); text-decoration-style: initial; text-decoration-color: initial;\">保证你胃口大开</p><p style=\"margin: 16px 0px; padding: 0px; color: rgb(34, 34, 34); font-family: &quot;PingFang SC&quot;, &quot;Hiragino Sans GB&quot;, &quot;Microsoft YaHei&quot;, &quot;WenQuanYi Micro Hei&quot;, &quot;Helvetica Neue&quot;, Arial, sans-serif; font-size: 16px; font-style: normal; font-variant-ligatures: normal; font-variant-caps: normal; font-weight: normal; letter-spacing: normal; orphans: 2; text-align: left; text-indent: 0px; text-transform: none; white-space: normal; widows: 2; word-spacing: 0px; -webkit-text-stroke-width: 0px; background-color: rgb(255, 255, 255); text-decoration-style: initial; text-decoration-color: initial;\"><strong style=\"font-weight: 700;\">川湘味家常菜</strong></p><p style=\"margin: 16px 0px; padding: 0px; color: rgb(34, 34, 34); font-family: &quot;PingFang SC&quot;, &quot;Hiragino Sans GB&quot;, &quot;Microsoft YaHei&quot;, &quot;WenQuanYi Micro Hei&quot;, &quot;Helvetica Neue&quot;, Arial, sans-serif; font-size: 16px; font-style: normal; font-variant-ligatures: normal; font-variant-caps: normal; font-weight: normal; letter-spacing: normal; orphans: 2; text-align: left; text-indent: 0px; text-transform: none; white-space: normal; widows: 2; word-spacing: 0px; -webkit-text-stroke-width: 0px; background-color: rgb(255, 255, 255); text-decoration-style: initial; text-decoration-color: initial;\">绝对的良心推荐哦</p><p style=\"margin: 16px 0px; padding: 0px; color: rgb(34, 34, 34); font-family: &quot;PingFang SC&quot;, &quot;Hiragino Sans GB&quot;, &quot;Microsoft YaHei&quot;, &quot;WenQuanYi Micro Hei&quot;, &quot;Helvetica Neue&quot;, Arial, sans-serif; font-size: 16px; font-style: normal; font-variant-ligatures: normal; font-variant-caps: normal; font-weight: normal; letter-spacing: normal; orphans: 2; text-align: left; text-indent: 0px; text-transform: none; white-space: normal; widows: 2; word-spacing: 0px; -webkit-text-stroke-width: 0px; background-color: rgb(255, 255, 255); text-decoration-style: initial; text-decoration-color: initial;\">去了一次绝对还想吃第二、第三次......</p><p style=\"margin: 16px 0px; padding: 0px; color: rgb(34, 34, 34); font-family: &quot;PingFang SC&quot;, &quot;Hiragino Sans GB&quot;, &quot;Microsoft YaHei&quot;, &quot;WenQuanYi Micro Hei&quot;, &quot;Helvetica Neue&quot;, Arial, sans-serif; font-size: 16px; font-style: normal; font-variant-ligatures: normal; font-variant-caps: normal; font-weight: normal; letter-spacing: normal; orphans: 2; text-align: left; text-indent: 0px; text-transform: none; white-space: normal; widows: 2; word-spacing: 0px; -webkit-text-stroke-width: 0px; background-color: rgb(255, 255, 255); text-decoration-style: initial; text-decoration-color: initial;\">鲜、嫩、香、辣，剁椒鱼头的美妙滋味层层叠叠，是这家餐厅的必点头牌，吃完鱼肉再来一份烧椒鹌鹑蛋，这知味，唔~幸福不言而喻。</p><p style=\"text-align:center\"><img src=\"http://localhost:8080/news/upload/image/news/20170607/1496832902641040139.jpg\" title=\"1496832902641040139.jpg\"/></p><p><strong style=\"font-weight: 700; color: rgb(34, 34, 34); font-family: &quot;PingFang SC&quot;, &quot;Hiragino Sans GB&quot;, &quot;Microsoft YaHei&quot;, &quot;WenQuanYi Micro Hei&quot;, &quot;Helvetica Neue&quot;, Arial, sans-serif; font-size: 16px; font-style: normal; font-variant-ligatures: normal; font-variant-caps: normal; letter-spacing: normal; orphans: 2; text-align: left; text-indent: 0px; text-transform: none; white-space: normal; widows: 2; word-spacing: 0px; -webkit-text-stroke-width: 0px; background-color: rgb(255, 255, 255); text-decoration-style: initial; text-decoration-color: initial;\">-挑对鱼够新鲜-</strong></p><p style=\"text-align:center\"><img src=\"http://localhost:8080/news/upload/image/news/20170607/1496832902648017465.jpg\" title=\"1496832902648017465.jpg\"/></p><p style=\"margin: 16px 0px; padding: 0px; color: rgb(34, 34, 34); font-family: &quot;PingFang SC&quot;, &quot;Hiragino Sans GB&quot;, &quot;Microsoft YaHei&quot;, &quot;WenQuanYi Micro Hei&quot;, &quot;Helvetica Neue&quot;, Arial, sans-serif; font-size: 16px; font-style: normal; font-variant-ligatures: normal; font-variant-caps: normal; font-weight: normal; letter-spacing: normal; orphans: 2; text-align: left; text-indent: 0px; text-transform: none; white-space: normal; widows: 2; word-spacing: 0px; -webkit-text-stroke-width: 0px; background-color: rgb(255, 255, 255); text-decoration-style: initial; text-decoration-color: initial;\">鱼头选用花鲢鱼头，肉质细嫩，没有过重的土腥气，而且鱼刺较少</p><p style=\"margin: 16px 0px; padding: 0px; color: rgb(34, 34, 34); font-family: &quot;PingFang SC&quot;, &quot;Hiragino Sans GB&quot;, &quot;Microsoft YaHei&quot;, &quot;WenQuanYi Micro Hei&quot;, &quot;Helvetica Neue&quot;, Arial, sans-serif; font-size: 16px; font-style: normal; font-variant-ligatures: normal; font-variant-caps: normal; font-weight: normal; letter-spacing: normal; orphans: 2; text-align: left; text-indent: 0px; text-transform: none; white-space: normal; widows: 2; word-spacing: 0px; -webkit-text-stroke-width: 0px; background-color: rgb(255, 255, 255); text-decoration-style: initial; text-decoration-color: initial;\">小编从小就不爱吃肥肉，在推荐这家店之前店家做了这道菜让我试吃那一口下去终于打破了我不吃肥肉的习惯。微甜而不腻，肉不是特别烂有点嚼劲，一直属于饭遭殃型的好菜。</p><p style=\"text-align:center\"><img src=\"http://localhost:8080/news/upload/image/news/20170607/1496832902708095928.jpg\" title=\"1496832902708095928.jpg\"/></p><p><span style=\"color: rgb(34, 34, 34); font-family: &quot;PingFang SC&quot;, &quot;Hiragino Sans GB&quot;, &quot;Microsoft YaHei&quot;, &quot;WenQuanYi Micro Hei&quot;, &quot;Helvetica Neue&quot;, Arial, sans-serif; font-size: 16px; font-style: normal; font-variant-ligatures: normal; font-variant-caps: normal; font-weight: normal; letter-spacing: normal; orphans: 2; text-align: left; text-indent: 0px; text-transform: none; white-space: normal; widows: 2; word-spacing: 0px; -webkit-text-stroke-width: 0px; background-color: rgb(255, 255, 255); text-decoration-style: initial; text-decoration-color: initial; display: inline !important; float: none;\">烧椒鹌鹑皮蛋，啥都不说，就看这晶莹剔透的蛋白，金黄的蛋心，和这烧椒搅拌一下，一口一个，啧啧啧，爽口啊！</span></p><p style=\"text-align:center\"><img src=\"http://localhost:8080/news/upload/image/news/20170607/1496832902783079846.jpg\" title=\"1496832902783079846.jpg\"/></p><p style=\"text-align:center\"><img src=\"http://localhost:8080/news/upload/image/news/20170607/1496832902793058093.jpg\" title=\"1496832902793058093.jpg\"/></p><p><br/></p><p><br/></p>', '美食', '8');
INSERT INTO `news` VALUES ('71', '23', '2017-06-07 19:03:15', '美食发烧友创美食', '<h1 style=\"margin: 36px 0px 22px; padding: 0px; font-size: 24px; font-weight: 700; line-height: 32px; color: rgb(34, 34, 34); font-family: &quot;PingFang SC&quot;, &quot;Hiragino Sans GB&quot;, &quot;Microsoft YaHei&quot;, &quot;WenQuanYi Micro Hei&quot;, &quot;Helvetica Neue&quot;, Arial, sans-serif; font-style: normal; font-variant-ligatures: normal; font-variant-caps: normal; letter-spacing: normal; orphans: 2; text-align: left; text-indent: 0px; text-transform: none; white-space: normal; widows: 2; word-spacing: 0px; -webkit-text-stroke-width: 0px; background-color: rgb(255, 255, 255); text-decoration-style: initial; text-decoration-color: initial;\">香辣拌米粉</h1><p style=\"margin: 16px 0px; padding: 0px; color: rgb(34, 34, 34); font-family: &quot;PingFang SC&quot;, &quot;Hiragino Sans GB&quot;, &quot;Microsoft YaHei&quot;, &quot;WenQuanYi Micro Hei&quot;, &quot;Helvetica Neue&quot;, Arial, sans-serif; font-size: 16px; font-style: normal; font-variant-ligatures: normal; font-variant-caps: normal; font-weight: normal; letter-spacing: normal; orphans: 2; text-align: left; text-indent: 0px; text-transform: none; white-space: normal; widows: 2; word-spacing: 0px; -webkit-text-stroke-width: 0px; background-color: rgb(255, 255, 255); text-decoration-style: initial; text-decoration-color: initial;\"><strong style=\"font-weight: 700;\">制作方法</strong></p><p style=\"margin: 16px 0px; padding: 0px; color: rgb(34, 34, 34); font-family: &quot;PingFang SC&quot;, &quot;Hiragino Sans GB&quot;, &quot;Microsoft YaHei&quot;, &quot;WenQuanYi Micro Hei&quot;, &quot;Helvetica Neue&quot;, Arial, sans-serif; font-size: 16px; font-style: normal; font-variant-ligatures: normal; font-variant-caps: normal; font-weight: normal; letter-spacing: normal; orphans: 2; text-align: left; text-indent: 0px; text-transform: none; white-space: normal; widows: 2; word-spacing: 0px; -webkit-text-stroke-width: 0px; background-color: rgb(255, 255, 255); text-decoration-style: initial; text-decoration-color: initial;\">第一步：准备食材。米粉300克、剁辣椒适量、尖椒1个、香葱适量、香菜适量、蒜适量、熟花生碎适量。</p><p style=\"margin: 16px 0px; padding: 0px; color: rgb(34, 34, 34); font-family: &quot;PingFang SC&quot;, &quot;Hiragino Sans GB&quot;, &quot;Microsoft YaHei&quot;, &quot;WenQuanYi Micro Hei&quot;, &quot;Helvetica Neue&quot;, Arial, sans-serif; font-size: 16px; font-style: normal; font-variant-ligatures: normal; font-variant-caps: normal; font-weight: normal; letter-spacing: normal; orphans: 2; text-align: left; text-indent: 0px; text-transform: none; white-space: normal; widows: 2; word-spacing: 0px; -webkit-text-stroke-width: 0px; background-color: rgb(255, 255, 255); text-decoration-style: initial; text-decoration-color: initial;\">第二步：把米粉提前用清水浸泡3-5个小时，直至米粉变软。</p><p style=\"margin: 16px 0px; padding: 0px; color: rgb(34, 34, 34); font-family: &quot;PingFang SC&quot;, &quot;Hiragino Sans GB&quot;, &quot;Microsoft YaHei&quot;, &quot;WenQuanYi Micro Hei&quot;, &quot;Helvetica Neue&quot;, Arial, sans-serif; font-size: 16px; font-style: normal; font-variant-ligatures: normal; font-variant-caps: normal; font-weight: normal; letter-spacing: normal; orphans: 2; text-align: left; text-indent: 0px; text-transform: none; white-space: normal; widows: 2; word-spacing: 0px; -webkit-text-stroke-width: 0px; background-color: rgb(255, 255, 255); text-decoration-style: initial; text-decoration-color: initial;\">第三步：尖椒切末、香菜切末、香葱切末、蒜切末备用。</p><p style=\"margin: 16px 0px; padding: 0px; color: rgb(34, 34, 34); font-family: &quot;PingFang SC&quot;, &quot;Hiragino Sans GB&quot;, &quot;Microsoft YaHei&quot;, &quot;WenQuanYi Micro Hei&quot;, &quot;Helvetica Neue&quot;, Arial, sans-serif; font-size: 16px; font-style: normal; font-variant-ligatures: normal; font-variant-caps: normal; font-weight: normal; letter-spacing: normal; orphans: 2; text-align: left; text-indent: 0px; text-transform: none; white-space: normal; widows: 2; word-spacing: 0px; -webkit-text-stroke-width: 0px; background-color: rgb(255, 255, 255); text-decoration-style: initial; text-decoration-color: initial;\">第四步：锅中倒入适量的水，水烧开后把米粉放到锅中煮2-3分钟。然后捞出放到凉开水中</p><h1 style=\"margin: 36px 0px 22px; padding: 0px; font-size: 24px; font-weight: 700; line-height: 32px; color: rgb(34, 34, 34); font-family: &quot;PingFang SC&quot;, &quot;Hiragino Sans GB&quot;, &quot;Microsoft YaHei&quot;, &quot;WenQuanYi Micro Hei&quot;, &quot;Helvetica Neue&quot;, Arial, sans-serif; font-style: normal; font-variant-ligatures: normal; font-variant-caps: normal; letter-spacing: normal; orphans: 2; text-align: left; text-indent: 0px; text-transform: none; white-space: normal; widows: 2; word-spacing: 0px; -webkit-text-stroke-width: 0px; background-color: rgb(255, 255, 255); text-decoration-style: initial; text-decoration-color: initial;\">油焖大虾</h1><p style=\"margin: 16px 0px; padding: 0px; color: rgb(34, 34, 34); font-family: &quot;PingFang SC&quot;, &quot;Hiragino Sans GB&quot;, &quot;Microsoft YaHei&quot;, &quot;WenQuanYi Micro Hei&quot;, &quot;Helvetica Neue&quot;, Arial, sans-serif; font-size: 16px; font-style: normal; font-variant-ligatures: normal; font-variant-caps: normal; font-weight: normal; letter-spacing: normal; orphans: 2; text-align: left; text-indent: 0px; text-transform: none; white-space: normal; widows: 2; word-spacing: 0px; -webkit-text-stroke-width: 0px; background-color: rgb(255, 255, 255); text-decoration-style: initial; text-decoration-color: initial;\"><strong style=\"font-weight: 700;\">材料：</strong></p><p style=\"margin: 16px 0px; padding: 0px; color: rgb(34, 34, 34); font-family: &quot;PingFang SC&quot;, &quot;Hiragino Sans GB&quot;, &quot;Microsoft YaHei&quot;, &quot;WenQuanYi Micro Hei&quot;, &quot;Helvetica Neue&quot;, Arial, sans-serif; font-size: 16px; font-style: normal; font-variant-ligatures: normal; font-variant-caps: normal; font-weight: normal; letter-spacing: normal; orphans: 2; text-align: left; text-indent: 0px; text-transform: none; white-space: normal; widows: 2; word-spacing: 0px; -webkit-text-stroke-width: 0px; background-color: rgb(255, 255, 255); text-decoration-style: initial; text-decoration-color: initial;\">新鲜小龙虾，姜，葱，独蒜</p><p style=\"margin: 16px 0px; padding: 0px; color: rgb(34, 34, 34); font-family: &quot;PingFang SC&quot;, &quot;Hiragino Sans GB&quot;, &quot;Microsoft YaHei&quot;, &quot;WenQuanYi Micro Hei&quot;, &quot;Helvetica Neue&quot;, Arial, sans-serif; font-size: 16px; font-style: normal; font-variant-ligatures: normal; font-variant-caps: normal; font-weight: normal; letter-spacing: normal; orphans: 2; text-align: left; text-indent: 0px; text-transform: none; white-space: normal; widows: 2; word-spacing: 0px; -webkit-text-stroke-width: 0px; background-color: rgb(255, 255, 255); text-decoration-style: initial; text-decoration-color: initial;\">香料：八角，桂皮，小茴香，豆蔻，草果，香叶，公丁香，芫荽子，山奈，陈皮，砂仁，花椒，干辣椒</p><p style=\"margin: 16px 0px; padding: 0px; color: rgb(34, 34, 34); font-family: &quot;PingFang SC&quot;, &quot;Hiragino Sans GB&quot;, &quot;Microsoft YaHei&quot;, &quot;WenQuanYi Micro Hei&quot;, &quot;Helvetica Neue&quot;, Arial, sans-serif; font-size: 16px; font-style: normal; font-variant-ligatures: normal; font-variant-caps: normal; font-weight: normal; letter-spacing: normal; orphans: 2; text-align: left; text-indent: 0px; text-transform: none; white-space: normal; widows: 2; word-spacing: 0px; -webkit-text-stroke-width: 0px; background-color: rgb(255, 255, 255); text-decoration-style: initial; text-decoration-color: initial;\">啤酒一罐，酱油，黑胡椒</p><p style=\"margin: 16px 0px; padding: 0px; color: rgb(34, 34, 34); font-family: &quot;PingFang SC&quot;, &quot;Hiragino Sans GB&quot;, &quot;Microsoft YaHei&quot;, &quot;WenQuanYi Micro Hei&quot;, &quot;Helvetica Neue&quot;, Arial, sans-serif; font-size: 16px; font-style: normal; font-variant-ligatures: normal; font-variant-caps: normal; font-weight: normal; letter-spacing: normal; orphans: 2; text-align: left; text-indent: 0px; text-transform: none; white-space: normal; widows: 2; word-spacing: 0px; -webkit-text-stroke-width: 0px; background-color: rgb(255, 255, 255); text-decoration-style: initial; text-decoration-color: initial;\"><strong style=\"font-weight: 700;\">小龙虾清理要诀：</strong></p><p style=\"margin: 16px 0px; padding: 0px; color: rgb(34, 34, 34); font-family: &quot;PingFang SC&quot;, &quot;Hiragino Sans GB&quot;, &quot;Microsoft YaHei&quot;, &quot;WenQuanYi Micro Hei&quot;, &quot;Helvetica Neue&quot;, Arial, sans-serif; font-size: 16px; font-style: normal; font-variant-ligatures: normal; font-variant-caps: normal; font-weight: normal; letter-spacing: normal; orphans: 2; text-align: left; text-indent: 0px; text-transform: none; white-space: normal; widows: 2; word-spacing: 0px; -webkit-text-stroke-width: 0px; background-color: rgb(255, 255, 255); text-decoration-style: initial; text-decoration-color: initial;\">划重点的是核心技术</p><p style=\"margin: 16px 0px; padding: 0px; color: rgb(34, 34, 34); font-family: &quot;PingFang SC&quot;, &quot;Hiragino Sans GB&quot;, &quot;Microsoft YaHei&quot;, &quot;WenQuanYi Micro Hei&quot;, &quot;Helvetica Neue&quot;, Arial, sans-serif; font-size: 16px; font-style: normal; font-variant-ligatures: normal; font-variant-caps: normal; font-weight: normal; letter-spacing: normal; orphans: 2; text-align: left; text-indent: 0px; text-transform: none; white-space: normal; widows: 2; word-spacing: 0px; -webkit-text-stroke-width: 0px; background-color: rgb(255, 255, 255); text-decoration-style: initial; text-decoration-color: initial;\">1. 新鲜小龙虾放在清水中吐水至少半天，流水冲洗，并用牙刷仔细刷干净虾体，特别是腹部泥多的地方。</p><p style=\"margin: 16px 0px; padding: 0px; color: rgb(34, 34, 34); font-family: &quot;PingFang SC&quot;, &quot;Hiragino Sans GB&quot;, &quot;Microsoft YaHei&quot;, &quot;WenQuanYi Micro Hei&quot;, &quot;Helvetica Neue&quot;, Arial, sans-serif; font-size: 16px; font-style: normal; font-variant-ligatures: normal; font-variant-caps: normal; font-weight: normal; letter-spacing: normal; orphans: 2; text-align: left; text-indent: 0px; text-transform: none; white-space: normal; widows: 2; word-spacing: 0px; -webkit-text-stroke-width: 0px; background-color: rgb(255, 255, 255); text-decoration-style: initial; text-decoration-color: initial;\">2.从背后捏住小龙虾头，紧紧捉住，剪去两只大夹的前端尖钩，一是为了防止它夹人，二是为了好入味。</p><p style=\"margin: 16px 0px; padding: 0px; color: rgb(34, 34, 34); font-family: &quot;PingFang SC&quot;, &quot;Hiragino Sans GB&quot;, &quot;Microsoft YaHei&quot;, &quot;WenQuanYi Micro Hei&quot;, &quot;Helvetica Neue&quot;, Arial, sans-serif; font-size: 16px; font-style: normal; font-variant-ligatures: normal; font-variant-caps: normal; font-weight: normal; letter-spacing: normal; orphans: 2; text-align: left; text-indent: 0px; text-transform: none; white-space: normal; widows: 2; word-spacing: 0px; -webkit-text-stroke-width: 0px; background-color: rgb(255, 255, 255); text-decoration-style: initial; text-decoration-color: initial;\">3. 虾的尾部有三片尾壳，捏住中间一片，一拧一拉，肠子就出来了。</p><p style=\"margin: 16px 0px; padding: 0px; color: rgb(34, 34, 34); font-family: &quot;PingFang SC&quot;, &quot;Hiragino Sans GB&quot;, &quot;Microsoft YaHei&quot;, &quot;WenQuanYi Micro Hei&quot;, &quot;Helvetica Neue&quot;, Arial, sans-serif; font-size: 16px; font-style: normal; font-variant-ligatures: normal; font-variant-caps: normal; font-weight: normal; letter-spacing: normal; orphans: 2; text-align: left; text-indent: 0px; text-transform: none; white-space: normal; widows: 2; word-spacing: 0px; -webkit-text-stroke-width: 0px; background-color: rgb(255, 255, 255); text-decoration-style: initial; text-decoration-color: initial;\">4. 从虾头部顶端沿着虾子眼睛下面的剪开虾壳，顺带往外一拉，可将虾头部的黑黑的一团沙囊一起带出，注意保留虾黄。</p><p style=\"margin: 16px 0px; padding: 0px; color: rgb(34, 34, 34); font-family: &quot;PingFang SC&quot;, &quot;Hiragino Sans GB&quot;, &quot;Microsoft YaHei&quot;, &quot;WenQuanYi Micro Hei&quot;, &quot;Helvetica Neue&quot;, Arial, sans-serif; font-size: 16px; font-style: normal; font-variant-ligatures: normal; font-variant-caps: normal; font-weight: normal; letter-spacing: normal; orphans: 2; text-align: left; text-indent: 0px; text-transform: none; white-space: normal; widows: 2; word-spacing: 0px; -webkit-text-stroke-width: 0px; background-color: rgb(255, 255, 255); text-decoration-style: initial; text-decoration-color: initial;\">5.最后从拉掉的尾翼处直线剪至头部，一是为了好入味，二是吃的时候好剥壳。</p><p style=\"margin: 16px 0px; padding: 0px; color: rgb(34, 34, 34); font-family: &quot;PingFang SC&quot;, &quot;Hiragino Sans GB&quot;, &quot;Microsoft YaHei&quot;, &quot;WenQuanYi Micro Hei&quot;, &quot;Helvetica Neue&quot;, Arial, sans-serif; font-size: 16px; font-style: normal; font-variant-ligatures: normal; font-variant-caps: normal; font-weight: normal; letter-spacing: normal; orphans: 2; text-align: left; text-indent: 0px; text-transform: none; white-space: normal; widows: 2; word-spacing: 0px; -webkit-text-stroke-width: 0px; background-color: rgb(255, 255, 255); text-decoration-style: initial; text-decoration-color: initial;\"><strong style=\"font-weight: 700;\">油焖大虾如何烧制：</strong></p><p style=\"margin: 16px 0px; padding: 0px; color: rgb(34, 34, 34); font-family: &quot;PingFang SC&quot;, &quot;Hiragino Sans GB&quot;, &quot;Microsoft YaHei&quot;, &quot;WenQuanYi Micro Hei&quot;, &quot;Helvetica Neue&quot;, Arial, sans-serif; font-size: 16px; font-style: normal; font-variant-ligatures: normal; font-variant-caps: normal; font-weight: normal; letter-spacing: normal; orphans: 2; text-align: left; text-indent: 0px; text-transform: none; white-space: normal; widows: 2; word-spacing: 0px; -webkit-text-stroke-width: 0px; background-color: rgb(255, 255, 255); text-decoration-style: initial; text-decoration-color: initial;\">1. 油锅烧热，放入姜片，蒜粒，香料一起炒一下，加入食用油(因为是油焖所以稍微多一点)，熬两分钟香料。</p><p style=\"margin: 16px 0px; padding: 0px; color: rgb(34, 34, 34); font-family: &quot;PingFang SC&quot;, &quot;Hiragino Sans GB&quot;, &quot;Microsoft YaHei&quot;, &quot;WenQuanYi Micro Hei&quot;, &quot;Helvetica Neue&quot;, Arial, sans-serif; font-size: 16px; font-style: normal; font-variant-ligatures: normal; font-variant-caps: normal; font-weight: normal; letter-spacing: normal; orphans: 2; text-align: left; text-indent: 0px; text-transform: none; white-space: normal; widows: 2; word-spacing: 0px; -webkit-text-stroke-width: 0px; background-color: rgb(255, 255, 255); text-decoration-style: initial; text-decoration-color: initial;\">2. 油烧热后倒入处理好的龙虾，翻炒到虾壳变红。</p><p style=\"margin: 16px 0px; padding: 0px; color: rgb(34, 34, 34); font-family: &quot;PingFang SC&quot;, &quot;Hiragino Sans GB&quot;, &quot;Microsoft YaHei&quot;, &quot;WenQuanYi Micro Hei&quot;, &quot;Helvetica Neue&quot;, Arial, sans-serif; font-size: 16px; font-style: normal; font-variant-ligatures: normal; font-variant-caps: normal; font-weight: normal; letter-spacing: normal; orphans: 2; text-align: left; text-indent: 0px; text-transform: none; white-space: normal; widows: 2; word-spacing: 0px; -webkit-text-stroke-width: 0px; background-color: rgb(255, 255, 255); text-decoration-style: initial; text-decoration-color: initial;\">3. 加入一罐啤酒和水基本没住虾子，倒入酱油调咸淡。</p><p style=\"margin: 16px 0px; padding: 0px; color: rgb(34, 34, 34); font-family: &quot;PingFang SC&quot;, &quot;Hiragino Sans GB&quot;, &quot;Microsoft YaHei&quot;, &quot;WenQuanYi Micro Hei&quot;, &quot;Helvetica Neue&quot;, Arial, sans-serif; font-size: 16px; font-style: normal; font-variant-ligatures: normal; font-variant-caps: normal; font-weight: normal; letter-spacing: normal; orphans: 2; text-align: left; text-indent: 0px; text-transform: none; white-space: normal; widows: 2; word-spacing: 0px; -webkit-text-stroke-width: 0px; background-color: rgb(255, 255, 255); text-decoration-style: initial; text-decoration-color: initial;\">4. 盖上锅盖转小火焖熟虾子到汤汁收干到原来的五分之一左右。</p><p style=\"margin: 16px 0px; padding: 0px; color: rgb(34, 34, 34); font-family: &quot;PingFang SC&quot;, &quot;Hiragino Sans GB&quot;, &quot;Microsoft YaHei&quot;, &quot;WenQuanYi Micro Hei&quot;, &quot;Helvetica Neue&quot;, Arial, sans-serif; font-size: 16px; font-style: normal; font-variant-ligatures: normal; font-variant-caps: normal; font-weight: normal; letter-spacing: normal; orphans: 2; text-align: left; text-indent: 0px; text-transform: none; white-space: normal; widows: 2; word-spacing: 0px; -webkit-text-stroke-width: 0px; background-color: rgb(255, 255, 255); text-decoration-style: initial; text-decoration-color: initial;\">5. 加入黑胡椒粉调味，撒上葱起锅。</p><p style=\"text-align:center\"><img src=\"http://localhost:8080/news/upload/image/news/20170607/1496833320089043795.jpg\" title=\"1496833320089043795.jpg\"/></p><p style=\"margin: 16px 0px; padding: 0px; color: rgb(34, 34, 34); font-family: &quot;PingFang SC&quot;, &quot;Hiragino Sans GB&quot;, &quot;Microsoft YaHei&quot;, &quot;WenQuanYi Micro Hei&quot;, &quot;Helvetica Neue&quot;, Arial, sans-serif; font-size: 16px; font-style: normal; font-variant-ligatures: normal; font-variant-caps: normal; font-weight: normal; letter-spacing: normal; orphans: 2; text-align: left; text-indent: 0px; text-transform: none; white-space: normal; widows: 2; word-spacing: 0px; -webkit-text-stroke-width: 0px; background-color: rgb(255, 255, 255); text-decoration-style: initial; text-decoration-color: initial;\">第五步：锅中倒入适量的油，油热后将剁辣椒放入锅中煸炒出红油，再将蒜末放入锅中煸炒出香味。</p><p style=\"margin: 16px 0px; padding: 0px; color: rgb(34, 34, 34); font-family: &quot;PingFang SC&quot;, &quot;Hiragino Sans GB&quot;, &quot;Microsoft YaHei&quot;, &quot;WenQuanYi Micro Hei&quot;, &quot;Helvetica Neue&quot;, Arial, sans-serif; font-size: 16px; font-style: normal; font-variant-ligatures: normal; font-variant-caps: normal; font-weight: normal; letter-spacing: normal; orphans: 2; text-align: left; text-indent: 0px; text-transform: none; white-space: normal; widows: 2; word-spacing: 0px; -webkit-text-stroke-width: 0px; background-color: rgb(255, 255, 255); text-decoration-style: initial; text-decoration-color: initial;\">第六步：将炒好的辣椒连油一起倒入大碗中，然后把尖椒末放入碗中，接下来放入半勺盐、半勺鸡精、1勺糖、2勺生抽搅拌匀均然后放凉，料汁就做好了。</p><p style=\"margin: 16px 0px; padding: 0px; color: rgb(34, 34, 34); font-family: &quot;PingFang SC&quot;, &quot;Hiragino Sans GB&quot;, &quot;Microsoft YaHei&quot;, &quot;WenQuanYi Micro Hei&quot;, &quot;Helvetica Neue&quot;, Arial, sans-serif; font-size: 16px; font-style: normal; font-variant-ligatures: normal; font-variant-caps: normal; font-weight: normal; letter-spacing: normal; orphans: 2; text-align: left; text-indent: 0px; text-transform: none; white-space: normal; widows: 2; word-spacing: 0px; -webkit-text-stroke-width: 0px; background-color: rgb(255, 255, 255); text-decoration-style: initial; text-decoration-color: initial;\">第七步：将米粉沥干水分捞出，然后倒入料汁拌匀。</p><p style=\"margin: 16px 0px; padding: 0px; color: rgb(34, 34, 34); font-family: &quot;PingFang SC&quot;, &quot;Hiragino Sans GB&quot;, &quot;Microsoft YaHei&quot;, &quot;WenQuanYi Micro Hei&quot;, &quot;Helvetica Neue&quot;, Arial, sans-serif; font-size: 16px; font-style: normal; font-variant-ligatures: normal; font-variant-caps: normal; font-weight: normal; letter-spacing: normal; orphans: 2; text-align: left; text-indent: 0px; text-transform: none; white-space: normal; widows: 2; word-spacing: 0px; -webkit-text-stroke-width: 0px; background-color: rgb(255, 255, 255); text-decoration-style: initial; text-decoration-color: initial;\">第八步：吃的时候，撒上香葱、香菜、花生碎即可。</p><h1 style=\"margin: 36px 0px 22px; padding: 0px; font-size: 24px; font-weight: 700; line-height: 32px; color: rgb(34, 34, 34); font-family: &quot;PingFang SC&quot;, &quot;Hiragino Sans GB&quot;, &quot;Microsoft YaHei&quot;, &quot;WenQuanYi Micro Hei&quot;, &quot;Helvetica Neue&quot;, Arial, sans-serif; font-style: normal; font-variant-ligatures: normal; font-variant-caps: normal; letter-spacing: normal; orphans: 2; text-align: left; text-indent: 0px; text-transform: none; white-space: normal; widows: 2; word-spacing: 0px; -webkit-text-stroke-width: 0px; background-color: rgb(255, 255, 255); text-decoration-style: initial; text-decoration-color: initial;\">小馄饨煎蛋</h1><p style=\"margin: 16px 0px; padding: 0px; color: rgb(34, 34, 34); font-family: &quot;PingFang SC&quot;, &quot;Hiragino Sans GB&quot;, &quot;Microsoft YaHei&quot;, &quot;WenQuanYi Micro Hei&quot;, &quot;Helvetica Neue&quot;, Arial, sans-serif; font-size: 16px; font-style: normal; font-variant-ligatures: normal; font-variant-caps: normal; font-weight: normal; letter-spacing: normal; orphans: 2; text-align: left; text-indent: 0px; text-transform: none; white-space: normal; widows: 2; word-spacing: 0px; -webkit-text-stroke-width: 0px; background-color: rgb(255, 255, 255); text-decoration-style: initial; text-decoration-color: initial;\">食材：小馄饨若干个、鸡蛋2个、盐、白胡椒粉、黑芝麻、清水、油。</p><p style=\"margin: 16px 0px; padding: 0px; color: rgb(34, 34, 34); font-family: &quot;PingFang SC&quot;, &quot;Hiragino Sans GB&quot;, &quot;Microsoft YaHei&quot;, &quot;WenQuanYi Micro Hei&quot;, &quot;Helvetica Neue&quot;, Arial, sans-serif; font-size: 16px; font-style: normal; font-variant-ligatures: normal; font-variant-caps: normal; font-weight: normal; letter-spacing: normal; orphans: 2; text-align: left; text-indent: 0px; text-transform: none; white-space: normal; widows: 2; word-spacing: 0px; -webkit-text-stroke-width: 0px; background-color: rgb(255, 255, 255); text-decoration-style: initial; text-decoration-color: initial;\">做法：</p><p style=\"margin: 16px 0px; padding: 0px; color: rgb(34, 34, 34); font-family: &quot;PingFang SC&quot;, &quot;Hiragino Sans GB&quot;, &quot;Microsoft YaHei&quot;, &quot;WenQuanYi Micro Hei&quot;, &quot;Helvetica Neue&quot;, Arial, sans-serif; font-size: 16px; font-style: normal; font-variant-ligatures: normal; font-variant-caps: normal; font-weight: normal; letter-spacing: normal; orphans: 2; text-align: left; text-indent: 0px; text-transform: none; white-space: normal; widows: 2; word-spacing: 0px; -webkit-text-stroke-width: 0px; background-color: rgb(255, 255, 255); text-decoration-style: initial; text-decoration-color: initial;\">1、平底锅倒入一层薄薄的油，依次摆放好小馄饨。</p><p style=\"margin: 16px 0px; padding: 0px; color: rgb(34, 34, 34); font-family: &quot;PingFang SC&quot;, &quot;Hiragino Sans GB&quot;, &quot;Microsoft YaHei&quot;, &quot;WenQuanYi Micro Hei&quot;, &quot;Helvetica Neue&quot;, Arial, sans-serif; font-size: 16px; font-style: normal; font-variant-ligatures: normal; font-variant-caps: normal; font-weight: normal; letter-spacing: normal; orphans: 2; text-align: left; text-indent: 0px; text-transform: none; white-space: normal; widows: 2; word-spacing: 0px; -webkit-text-stroke-width: 0px; background-color: rgb(255, 255, 255); text-decoration-style: initial; text-decoration-color: initial;\">2、开小火慢慢煎至2分钟，倒入适量的水煎（有点像水煎包）</p><p style=\"margin: 16px 0px; padding: 0px; color: rgb(34, 34, 34); font-family: &quot;PingFang SC&quot;, &quot;Hiragino Sans GB&quot;, &quot;Microsoft YaHei&quot;, &quot;WenQuanYi Micro Hei&quot;, &quot;Helvetica Neue&quot;, Arial, sans-serif; font-size: 16px; font-style: normal; font-variant-ligatures: normal; font-variant-caps: normal; font-weight: normal; letter-spacing: normal; orphans: 2; text-align: left; text-indent: 0px; text-transform: none; white-space: normal; widows: 2; word-spacing: 0px; -webkit-text-stroke-width: 0px; background-color: rgb(255, 255, 255); text-decoration-style: initial; text-decoration-color: initial;\">3、中途再少加一点水，确保馄饨馅熟，待水分慢慢烧干。</p><p style=\"margin: 16px 0px; padding: 0px; color: rgb(34, 34, 34); font-family: &quot;PingFang SC&quot;, &quot;Hiragino Sans GB&quot;, &quot;Microsoft YaHei&quot;, &quot;WenQuanYi Micro Hei&quot;, &quot;Helvetica Neue&quot;, Arial, sans-serif; font-size: 16px; font-style: normal; font-variant-ligatures: normal; font-variant-caps: normal; font-weight: normal; letter-spacing: normal; orphans: 2; text-align: left; text-indent: 0px; text-transform: none; white-space: normal; widows: 2; word-spacing: 0px; -webkit-text-stroke-width: 0px; background-color: rgb(255, 255, 255); text-decoration-style: initial; text-decoration-color: initial;\">4、提前打好鸡蛋、加入适量的盐、白胡椒粉成蛋液。</p><p style=\"margin: 16px 0px; padding: 0px; color: rgb(34, 34, 34); font-family: &quot;PingFang SC&quot;, &quot;Hiragino Sans GB&quot;, &quot;Microsoft YaHei&quot;, &quot;WenQuanYi Micro Hei&quot;, &quot;Helvetica Neue&quot;, Arial, sans-serif; font-size: 16px; font-style: normal; font-variant-ligatures: normal; font-variant-caps: normal; font-weight: normal; letter-spacing: normal; orphans: 2; text-align: left; text-indent: 0px; text-transform: none; white-space: normal; widows: 2; word-spacing: 0px; -webkit-text-stroke-width: 0px; background-color: rgb(255, 255, 255); text-decoration-style: initial; text-decoration-color: initial;\">5、蛋液沿着锅边倒下。</p><p style=\"margin: 16px 0px; padding: 0px; color: rgb(34, 34, 34); font-family: &quot;PingFang SC&quot;, &quot;Hiragino Sans GB&quot;, &quot;Microsoft YaHei&quot;, &quot;WenQuanYi Micro Hei&quot;, &quot;Helvetica Neue&quot;, Arial, sans-serif; font-size: 16px; font-style: normal; font-variant-ligatures: normal; font-variant-caps: normal; font-weight: normal; letter-spacing: normal; orphans: 2; text-align: left; text-indent: 0px; text-transform: none; white-space: normal; widows: 2; word-spacing: 0px; -webkit-text-stroke-width: 0px; background-color: rgb(255, 255, 255); text-decoration-style: initial; text-decoration-color: initial;\">6、盖上锅盖，再煎几分钟等蛋液凝固了撒黑芝麻即可。</p><h1 style=\"margin: 36px 0px 22px; padding: 0px; font-size: 24px; font-weight: 700; line-height: 32px; color: rgb(34, 34, 34); font-family: &quot;PingFang SC&quot;, &quot;Hiragino Sans GB&quot;, &quot;Microsoft YaHei&quot;, &quot;WenQuanYi Micro Hei&quot;, &quot;Helvetica Neue&quot;, Arial, sans-serif; font-style: normal; font-variant-ligatures: normal; font-variant-caps: normal; letter-spacing: normal; orphans: 2; text-align: left; text-indent: 0px; text-transform: none; white-space: normal; widows: 2; word-spacing: 0px; -webkit-text-stroke-width: 0px; background-color: rgb(255, 255, 255); text-decoration-style: initial; text-decoration-color: initial;\">茄汁话梅排骨</h1><p style=\"margin: 16px 0px; padding: 0px; color: rgb(34, 34, 34); font-family: &quot;PingFang SC&quot;, &quot;Hiragino Sans GB&quot;, &quot;Microsoft YaHei&quot;, &quot;WenQuanYi Micro Hei&quot;, &quot;Helvetica Neue&quot;, Arial, sans-serif; font-size: 16px; font-style: normal; font-variant-ligatures: normal; font-variant-caps: normal; font-weight: normal; letter-spacing: normal; orphans: 2; text-align: left; text-indent: 0px; text-transform: none; white-space: normal; widows: 2; word-spacing: 0px; -webkit-text-stroke-width: 0px; background-color: rgb(255, 255, 255); text-decoration-style: initial; text-decoration-color: initial;\"><strong style=\"font-weight: 700;\">原料：</strong></p><p style=\"margin: 16px 0px; padding: 0px; color: rgb(34, 34, 34); font-family: &quot;PingFang SC&quot;, &quot;Hiragino Sans GB&quot;, &quot;Microsoft YaHei&quot;, &quot;WenQuanYi Micro Hei&quot;, &quot;Helvetica Neue&quot;, Arial, sans-serif; font-size: 16px; font-style: normal; font-variant-ligatures: normal; font-variant-caps: normal; font-weight: normal; letter-spacing: normal; orphans: 2; text-align: left; text-indent: 0px; text-transform: none; white-space: normal; widows: 2; word-spacing: 0px; -webkit-text-stroke-width: 0px; background-color: rgb(255, 255, 255); text-decoration-style: initial; text-decoration-color: initial;\">排骨、葱、话梅、姜、番茄酱、大喜大烤肉酱、八角、冰糖</p><p style=\"margin: 16px 0px; padding: 0px; color: rgb(34, 34, 34); font-family: &quot;PingFang SC&quot;, &quot;Hiragino Sans GB&quot;, &quot;Microsoft YaHei&quot;, &quot;WenQuanYi Micro Hei&quot;, &quot;Helvetica Neue&quot;, Arial, sans-serif; font-size: 16px; font-style: normal; font-variant-ligatures: normal; font-variant-caps: normal; font-weight: normal; letter-spacing: normal; orphans: 2; text-align: left; text-indent: 0px; text-transform: none; white-space: normal; widows: 2; word-spacing: 0px; -webkit-text-stroke-width: 0px; background-color: rgb(255, 255, 255); text-decoration-style: initial; text-decoration-color: initial;\"><strong style=\"font-weight: 700;\">做法：</strong></p><p style=\"margin: 16px 0px; padding: 0px; color: rgb(34, 34, 34); font-family: &quot;PingFang SC&quot;, &quot;Hiragino Sans GB&quot;, &quot;Microsoft YaHei&quot;, &quot;WenQuanYi Micro Hei&quot;, &quot;Helvetica Neue&quot;, Arial, sans-serif; font-size: 16px; font-style: normal; font-variant-ligatures: normal; font-variant-caps: normal; font-weight: normal; letter-spacing: normal; orphans: 2; text-align: left; text-indent: 0px; text-transform: none; white-space: normal; widows: 2; word-spacing: 0px; -webkit-text-stroke-width: 0px; background-color: rgb(255, 255, 255); text-decoration-style: initial; text-decoration-color: initial;\">1、排骨洗净，剁成1寸左右长短。</p><p style=\"margin: 16px 0px; padding: 0px; color: rgb(34, 34, 34); font-family: &quot;PingFang SC&quot;, &quot;Hiragino Sans GB&quot;, &quot;Microsoft YaHei&quot;, &quot;WenQuanYi Micro Hei&quot;, &quot;Helvetica Neue&quot;, Arial, sans-serif; font-size: 16px; font-style: normal; font-variant-ligatures: normal; font-variant-caps: normal; font-weight: normal; letter-spacing: normal; orphans: 2; text-align: left; text-indent: 0px; text-transform: none; white-space: normal; widows: 2; word-spacing: 0px; -webkit-text-stroke-width: 0px; background-color: rgb(255, 255, 255); text-decoration-style: initial; text-decoration-color: initial;\">2、锅子烧开水，将小排骨放入，焯水5分钟。</p><p style=\"margin: 16px 0px; padding: 0px; color: rgb(34, 34, 34); font-family: &quot;PingFang SC&quot;, &quot;Hiragino Sans GB&quot;, &quot;Microsoft YaHei&quot;, &quot;WenQuanYi Micro Hei&quot;, &quot;Helvetica Neue&quot;, Arial, sans-serif; font-size: 16px; font-style: normal; font-variant-ligatures: normal; font-variant-caps: normal; font-weight: normal; letter-spacing: normal; orphans: 2; text-align: left; text-indent: 0px; text-transform: none; white-space: normal; widows: 2; word-spacing: 0px; -webkit-text-stroke-width: 0px; background-color: rgb(255, 255, 255); text-decoration-style: initial; text-decoration-color: initial;\">3、捞出，洗净，控干水分。</p><p style=\"margin: 16px 0px; padding: 0px; color: rgb(34, 34, 34); font-family: &quot;PingFang SC&quot;, &quot;Hiragino Sans GB&quot;, &quot;Microsoft YaHei&quot;, &quot;WenQuanYi Micro Hei&quot;, &quot;Helvetica Neue&quot;, Arial, sans-serif; font-size: 16px; font-style: normal; font-variant-ligatures: normal; font-variant-caps: normal; font-weight: normal; letter-spacing: normal; orphans: 2; text-align: left; text-indent: 0px; text-transform: none; white-space: normal; widows: 2; word-spacing: 0px; -webkit-text-stroke-width: 0px; background-color: rgb(255, 255, 255); text-decoration-style: initial; text-decoration-color: initial;\">4、锅子烧热，倒油，放入控干水分的排骨，煸炒。</p><p style=\"margin: 16px 0px; padding: 0px; color: rgb(34, 34, 34); font-family: &quot;PingFang SC&quot;, &quot;Hiragino Sans GB&quot;, &quot;Microsoft YaHei&quot;, &quot;WenQuanYi Micro Hei&quot;, &quot;Helvetica Neue&quot;, Arial, sans-serif; font-size: 16px; font-style: normal; font-variant-ligatures: normal; font-variant-caps: normal; font-weight: normal; letter-spacing: normal; orphans: 2; text-align: left; text-indent: 0px; text-transform: none; white-space: normal; widows: 2; word-spacing: 0px; -webkit-text-stroke-width: 0px; background-color: rgb(255, 255, 255); text-decoration-style: initial; text-decoration-color: initial;\">5、放入葱、姜、八角，煸炒5分钟左右，至排骨表面稍发黄。</p><p style=\"margin: 16px 0px; padding: 0px; color: rgb(34, 34, 34); font-family: &quot;PingFang SC&quot;, &quot;Hiragino Sans GB&quot;, &quot;Microsoft YaHei&quot;, &quot;WenQuanYi Micro Hei&quot;, &quot;Helvetica Neue&quot;, Arial, sans-serif; font-size: 16px; font-style: normal; font-variant-ligatures: normal; font-variant-caps: normal; font-weight: normal; letter-spacing: normal; orphans: 2; text-align: left; text-indent: 0px; text-transform: none; white-space: normal; widows: 2; word-spacing: 0px; -webkit-text-stroke-width: 0px; background-color: rgb(255, 255, 255); text-decoration-style: initial; text-decoration-color: initial;\">6、倒入足量的清水。</p><p style=\"margin: 16px 0px; padding: 0px; color: rgb(34, 34, 34); font-family: &quot;PingFang SC&quot;, &quot;Hiragino Sans GB&quot;, &quot;Microsoft YaHei&quot;, &quot;WenQuanYi Micro Hei&quot;, &quot;Helvetica Neue&quot;, Arial, sans-serif; font-size: 16px; font-style: normal; font-variant-ligatures: normal; font-variant-caps: normal; font-weight: normal; letter-spacing: normal; orphans: 2; text-align: left; text-indent: 0px; text-transform: none; white-space: normal; widows: 2; word-spacing: 0px; -webkit-text-stroke-width: 0px; background-color: rgb(255, 255, 255); text-decoration-style: initial; text-decoration-color: initial;\">7、倒入番茄酱。</p><p style=\"margin: 16px 0px; padding: 0px; color: rgb(34, 34, 34); font-family: &quot;PingFang SC&quot;, &quot;Hiragino Sans GB&quot;, &quot;Microsoft YaHei&quot;, &quot;WenQuanYi Micro Hei&quot;, &quot;Helvetica Neue&quot;, Arial, sans-serif; font-size: 16px; font-style: normal; font-variant-ligatures: normal; font-variant-caps: normal; font-weight: normal; letter-spacing: normal; orphans: 2; text-align: left; text-indent: 0px; text-transform: none; white-space: normal; widows: 2; word-spacing: 0px; -webkit-text-stroke-width: 0px; background-color: rgb(255, 255, 255); text-decoration-style: initial; text-decoration-color: initial;\">8、倒入大喜大烤肉酱。</p><p style=\"margin: 16px 0px; padding: 0px; color: rgb(34, 34, 34); font-family: &quot;PingFang SC&quot;, &quot;Hiragino Sans GB&quot;, &quot;Microsoft YaHei&quot;, &quot;WenQuanYi Micro Hei&quot;, &quot;Helvetica Neue&quot;, Arial, sans-serif; font-size: 16px; font-style: normal; font-variant-ligatures: normal; font-variant-caps: normal; font-weight: normal; letter-spacing: normal; orphans: 2; text-align: left; text-indent: 0px; text-transform: none; white-space: normal; widows: 2; word-spacing: 0px; -webkit-text-stroke-width: 0px; background-color: rgb(255, 255, 255); text-decoration-style: initial; text-decoration-color: initial;\">9、放入话梅、冰糖。</p><p style=\"margin: 16px 0px; padding: 0px; color: rgb(34, 34, 34); font-family: &quot;PingFang SC&quot;, &quot;Hiragino Sans GB&quot;, &quot;Microsoft YaHei&quot;, &quot;WenQuanYi Micro Hei&quot;, &quot;Helvetica Neue&quot;, Arial, sans-serif; font-size: 16px; font-style: normal; font-variant-ligatures: normal; font-variant-caps: normal; font-weight: normal; letter-spacing: normal; orphans: 2; text-align: left; text-indent: 0px; text-transform: none; white-space: normal; widows: 2; word-spacing: 0px; -webkit-text-stroke-width: 0px; background-color: rgb(255, 255, 255); text-decoration-style: initial; text-decoration-color: initial;\">10、放入少许生抽上色。</p><p style=\"margin: 16px 0px; padding: 0px; color: rgb(34, 34, 34); font-family: &quot;PingFang SC&quot;, &quot;Hiragino Sans GB&quot;, &quot;Microsoft YaHei&quot;, &quot;WenQuanYi Micro Hei&quot;, &quot;Helvetica Neue&quot;, Arial, sans-serif; font-size: 16px; font-style: normal; font-variant-ligatures: normal; font-variant-caps: normal; font-weight: normal; letter-spacing: normal; orphans: 2; text-align: left; text-indent: 0px; text-transform: none; white-space: normal; widows: 2; word-spacing: 0px; -webkit-text-stroke-width: 0px; background-color: rgb(255, 255, 255); text-decoration-style: initial; text-decoration-color: initial;\">11、放入盐。</p><p style=\"margin: 16px 0px; padding: 0px; color: rgb(34, 34, 34); font-family: &quot;PingFang SC&quot;, &quot;Hiragino Sans GB&quot;, &quot;Microsoft YaHei&quot;, &quot;WenQuanYi Micro Hei&quot;, &quot;Helvetica Neue&quot;, Arial, sans-serif; font-size: 16px; font-style: normal; font-variant-ligatures: normal; font-variant-caps: normal; font-weight: normal; letter-spacing: normal; orphans: 2; text-align: left; text-indent: 0px; text-transform: none; white-space: normal; widows: 2; word-spacing: 0px; -webkit-text-stroke-width: 0px; background-color: rgb(255, 255, 255); text-decoration-style: initial; text-decoration-color: initial;\">12、中火，炖至汤汁收干，排骨熟烂即可。</p><p style=\"text-align:center\"><img src=\"http://localhost:8080/news/upload/image/news/20170607/1496833320105061057.jpg\" title=\"1496833320105061057.jpg\"/></p><h1 style=\"margin: 36px 0px 22px; padding: 0px; font-size: 24px; font-weight: 700; line-height: 32px; color: rgb(34, 34, 34); font-family: &quot;PingFang SC&quot;, &quot;Hiragino Sans GB&quot;, &quot;Microsoft YaHei&quot;, &quot;WenQuanYi Micro Hei&quot;, &quot;Helvetica Neue&quot;, Arial, sans-serif; font-style: normal; font-variant-ligatures: normal; font-variant-caps: normal; letter-spacing: normal; orphans: 2; text-align: left; text-indent: 0px; text-transform: none; white-space: normal; widows: 2; word-spacing: 0px; -webkit-text-stroke-width: 0px; background-color: rgb(255, 255, 255); text-decoration-style: initial; text-decoration-color: initial;\">陈皮蜜汁鸡翅</h1><p style=\"margin: 16px 0px; padding: 0px; color: rgb(34, 34, 34); font-family: &quot;PingFang SC&quot;, &quot;Hiragino Sans GB&quot;, &quot;Microsoft YaHei&quot;, &quot;WenQuanYi Micro Hei&quot;, &quot;Helvetica Neue&quot;, Arial, sans-serif; font-size: 16px; font-style: normal; font-variant-ligatures: normal; font-variant-caps: normal; font-weight: normal; letter-spacing: normal; orphans: 2; text-align: left; text-indent: 0px; text-transform: none; white-space: normal; widows: 2; word-spacing: 0px; -webkit-text-stroke-width: 0px; background-color: rgb(255, 255, 255); text-decoration-style: initial; text-decoration-color: initial;\">原料:鸡翅、陈皮、冰糖、青豆、辣椒、枸杞</p><p style=\"margin: 16px 0px; padding: 0px; color: rgb(34, 34, 34); font-family: &quot;PingFang SC&quot;, &quot;Hiragino Sans GB&quot;, &quot;Microsoft YaHei&quot;, &quot;WenQuanYi Micro Hei&quot;, &quot;Helvetica Neue&quot;, Arial, sans-serif; font-size: 16px; font-style: normal; font-variant-ligatures: normal; font-variant-caps: normal; font-weight: normal; letter-spacing: normal; orphans: 2; text-align: left; text-indent: 0px; text-transform: none; white-space: normal; widows: 2; word-spacing: 0px; -webkit-text-stroke-width: 0px; background-color: rgb(255, 255, 255); text-decoration-style: initial; text-decoration-color: initial;\">陈皮营养价值：</p><p style=\"margin: 16px 0px; padding: 0px; color: rgb(34, 34, 34); font-family: &quot;PingFang SC&quot;, &quot;Hiragino Sans GB&quot;, &quot;Microsoft YaHei&quot;, &quot;WenQuanYi Micro Hei&quot;, &quot;Helvetica Neue&quot;, Arial, sans-serif; font-size: 16px; font-style: normal; font-variant-ligatures: normal; font-variant-caps: normal; font-weight: normal; letter-spacing: normal; orphans: 2; text-align: left; text-indent: 0px; text-transform: none; white-space: normal; widows: 2; word-spacing: 0px; -webkit-text-stroke-width: 0px; background-color: rgb(255, 255, 255); text-decoration-style: initial; text-decoration-color: initial;\">1.对消化系统的作用，可促进消化液的分泌，排除肠管内积气，显示了芳香健胃和驱风下气的效果。</p><p style=\"margin: 16px 0px; padding: 0px; color: rgb(34, 34, 34); font-family: &quot;PingFang SC&quot;, &quot;Hiragino Sans GB&quot;, &quot;Microsoft YaHei&quot;, &quot;WenQuanYi Micro Hei&quot;, &quot;Helvetica Neue&quot;, Arial, sans-serif; font-size: 16px; font-style: normal; font-variant-ligatures: normal; font-variant-caps: normal; font-weight: normal; letter-spacing: normal; orphans: 2; text-align: left; text-indent: 0px; text-transform: none; white-space: normal; widows: 2; word-spacing: 0px; -webkit-text-stroke-width: 0px; background-color: rgb(255, 255, 255); text-decoration-style: initial; text-decoration-color: initial;\">2.对心血管系统的作用，陈皮中的果胶对高血脂症引起的动脉硬化也有一定的预防作用。</p><p style=\"margin: 16px 0px; padding: 0px; color: rgb(34, 34, 34); font-family: &quot;PingFang SC&quot;, &quot;Hiragino Sans GB&quot;, &quot;Microsoft YaHei&quot;, &quot;WenQuanYi Micro Hei&quot;, &quot;Helvetica Neue&quot;, Arial, sans-serif; font-size: 16px; font-style: normal; font-variant-ligatures: normal; font-variant-caps: normal; font-weight: normal; letter-spacing: normal; orphans: 2; text-align: left; text-indent: 0px; text-transform: none; white-space: normal; widows: 2; word-spacing: 0px; -webkit-text-stroke-width: 0px; background-color: rgb(255, 255, 255); text-decoration-style: initial; text-decoration-color: initial;\">3.对呼吸系统的作用，陈皮所含的挥发油有刺激性被动祛痰的作用，使痰液易咯出。对支气管有微弱的扩张作用，其醇提物平喘效果较好。</p><p style=\"margin: 16px 0px; padding: 0px; color: rgb(34, 34, 34); font-family: &quot;PingFang SC&quot;, &quot;Hiragino Sans GB&quot;, &quot;Microsoft YaHei&quot;, &quot;WenQuanYi Micro Hei&quot;, &quot;Helvetica Neue&quot;, Arial, sans-serif; font-size: 16px; font-style: normal; font-variant-ligatures: normal; font-variant-caps: normal; font-weight: normal; letter-spacing: normal; orphans: 2; text-align: left; text-indent: 0px; text-transform: none; white-space: normal; widows: 2; word-spacing: 0px; -webkit-text-stroke-width: 0px; background-color: rgb(255, 255, 255); text-decoration-style: initial; text-decoration-color: initial;\">4：.抗炎作用：陈皮煎剂与维生素c、维生素k并用，能增强抗炎作用。</p><p style=\"margin: 16px 0px; padding: 0px; color: rgb(34, 34, 34); font-family: &quot;PingFang SC&quot;, &quot;Hiragino Sans GB&quot;, &quot;Microsoft YaHei&quot;, &quot;WenQuanYi Micro Hei&quot;, &quot;Helvetica Neue&quot;, Arial, sans-serif; font-size: 16px; font-style: normal; font-variant-ligatures: normal; font-variant-caps: normal; font-weight: normal; letter-spacing: normal; orphans: 2; text-align: left; text-indent: 0px; text-transform: none; white-space: normal; widows: 2; word-spacing: 0px; -webkit-text-stroke-width: 0px; background-color: rgb(255, 255, 255); text-decoration-style: initial; text-decoration-color: initial;\">做法：</p><p style=\"margin: 16px 0px; padding: 0px; color: rgb(34, 34, 34); font-family: &quot;PingFang SC&quot;, &quot;Hiragino Sans GB&quot;, &quot;Microsoft YaHei&quot;, &quot;WenQuanYi Micro Hei&quot;, &quot;Helvetica Neue&quot;, Arial, sans-serif; font-size: 16px; font-style: normal; font-variant-ligatures: normal; font-variant-caps: normal; font-weight: normal; letter-spacing: normal; orphans: 2; text-align: left; text-indent: 0px; text-transform: none; white-space: normal; widows: 2; word-spacing: 0px; -webkit-text-stroke-width: 0px; background-color: rgb(255, 255, 255); text-decoration-style: initial; text-decoration-color: initial;\">1、 将鸡翅用盐、料酒、花椒腌渍10分钟</p><p style=\"margin: 16px 0px; padding: 0px; color: rgb(34, 34, 34); font-family: &quot;PingFang SC&quot;, &quot;Hiragino Sans GB&quot;, &quot;Microsoft YaHei&quot;, &quot;WenQuanYi Micro Hei&quot;, &quot;Helvetica Neue&quot;, Arial, sans-serif; font-size: 16px; font-style: normal; font-variant-ligatures: normal; font-variant-caps: normal; font-weight: normal; letter-spacing: normal; orphans: 2; text-align: left; text-indent: 0px; text-transform: none; white-space: normal; widows: 2; word-spacing: 0px; -webkit-text-stroke-width: 0px; background-color: rgb(255, 255, 255); text-decoration-style: initial; text-decoration-color: initial;\">2、 辣椒切小圈，青豆用沸水焯熟捞出待用。</p><p style=\"margin: 16px 0px; padding: 0px; color: rgb(34, 34, 34); font-family: &quot;PingFang SC&quot;, &quot;Hiragino Sans GB&quot;, &quot;Microsoft YaHei&quot;, &quot;WenQuanYi Micro Hei&quot;, &quot;Helvetica Neue&quot;, Arial, sans-serif; font-size: 16px; font-style: normal; font-variant-ligatures: normal; font-variant-caps: normal; font-weight: normal; letter-spacing: normal; orphans: 2; text-align: left; text-indent: 0px; text-transform: none; white-space: normal; widows: 2; word-spacing: 0px; -webkit-text-stroke-width: 0px; background-color: rgb(255, 255, 255); text-decoration-style: initial; text-decoration-color: initial;\">3、 锅内放油将鸡翅炸成金黄色捞出。（炸鸡翅不粘锅的小妙招------鸡翅上拍一点干淀粉）</p><p style=\"margin: 16px 0px; padding: 0px; color: rgb(34, 34, 34); font-family: &quot;PingFang SC&quot;, &quot;Hiragino Sans GB&quot;, &quot;Microsoft YaHei&quot;, &quot;WenQuanYi Micro Hei&quot;, &quot;Helvetica Neue&quot;, Arial, sans-serif; font-size: 16px; font-style: normal; font-variant-ligatures: normal; font-variant-caps: normal; font-weight: normal; letter-spacing: normal; orphans: 2; text-align: left; text-indent: 0px; text-transform: none; white-space: normal; widows: 2; word-spacing: 0px; -webkit-text-stroke-width: 0px; background-color: rgb(255, 255, 255); text-decoration-style: initial; text-decoration-color: initial;\">4、 锅内留底油，放入葱、姜、辣椒，煸香放入炸好的鸡翅加陈皮、冰糖、开水炖5分钟，加青豆、枸杞再炖1分钟即可出锅摆盘。</p><p style=\"text-align:center\"><img src=\"http://localhost:8080/news/upload/image/news/20170607/1496833320149002647.jpg\" title=\"1496833320149002647.jpg\"/></p><p style=\"text-align:center\"><img src=\"http://localhost:8080/news/upload/image/news/20170607/1496833320264018838.jpg\" title=\"1496833320264018838.jpg\"/></p><p style=\"text-align:center\"><img src=\"http://localhost:8080/news/upload/image/news/20170607/1496833320211049033.jpg\" title=\"1496833320211049033.jpg\"/></p><p style=\"text-align:center\"><img src=\"http://localhost:8080/news/upload/image/news/20170607/1496833320288028037.jpg\" title=\"1496833320288028037.jpg\"/></p><p><br/></p>', '美食', '8');
INSERT INTO `news` VALUES ('72', '23', '2017-06-07 19:06:18', '美食之路上令人沉迷的鲜鱼汤', '<p><span style=\"color: rgb(34, 34, 34); font-family: &quot;PingFang SC&quot;, &quot;Hiragino Sans GB&quot;, &quot;Microsoft YaHei&quot;, &quot;WenQuanYi Micro Hei&quot;, &quot;Helvetica Neue&quot;, Arial, sans-serif; font-size: 16px; font-style: normal; font-variant-ligatures: normal; font-variant-caps: normal; font-weight: normal; letter-spacing: normal; orphans: 2; text-align: left; text-indent: 0px; text-transform: none; white-space: normal; widows: 2; word-spacing: 0px; -webkit-text-stroke-width: 0px; background-color: rgb(255, 255, 255); text-decoration-style: initial; text-decoration-color: initial; display: inline !important; float: none;\">说起鱼汤，不少人首先会想到鲫鱼汤之类的，然而今天我要跟大家分享的是曹县的一道名吃—鲜鱼汤</span></p><p><span style=\"color: rgb(34, 34, 34); font-family: &quot;PingFang SC&quot;, &quot;Hiragino Sans GB&quot;, &quot;Microsoft YaHei&quot;, &quot;WenQuanYi Micro Hei&quot;, &quot;Helvetica Neue&quot;, Arial, sans-serif; font-size: 16px; font-style: normal; font-variant-ligatures: normal; font-variant-caps: normal; font-weight: normal; letter-spacing: normal; orphans: 2; text-align: left; text-indent: 0px; text-transform: none; white-space: normal; widows: 2; word-spacing: 0px; -webkit-text-stroke-width: 0px; background-color: rgb(255, 255, 255); text-decoration-style: initial; text-decoration-color: initial; display: inline !important; float: none;\"><span style=\"color: rgb(34, 34, 34); font-family: &quot;PingFang SC&quot;, &quot;Hiragino Sans GB&quot;, &quot;Microsoft YaHei&quot;, &quot;WenQuanYi Micro Hei&quot;, &quot;Helvetica Neue&quot;, Arial, sans-serif; font-size: 16px; font-style: normal; font-variant-ligatures: normal; font-variant-caps: normal; font-weight: normal; letter-spacing: normal; orphans: 2; text-align: left; text-indent: 0px; text-transform: none; white-space: normal; widows: 2; word-spacing: 0px; -webkit-text-stroke-width: 0px; background-color: rgb(255, 255, 255); text-decoration-style: initial; text-decoration-color: initial; display: inline !important; float: none;\">说到曹县，小编首先想到的是淳朴，走在曹县大街上，小编深切的感受到了浓浓的人情味，这是在其他城市所缺乏的一中气息，令人心情愉悦。</span><br/></span></p><p><span style=\"color: rgb(34, 34, 34); font-family: &quot;PingFang SC&quot;, &quot;Hiragino Sans GB&quot;, &quot;Microsoft YaHei&quot;, &quot;WenQuanYi Micro Hei&quot;, &quot;Helvetica Neue&quot;, Arial, sans-serif; font-size: 16px; font-style: normal; font-variant-ligatures: normal; font-variant-caps: normal; font-weight: normal; letter-spacing: normal; orphans: 2; text-align: left; text-indent: 0px; text-transform: none; white-space: normal; widows: 2; word-spacing: 0px; -webkit-text-stroke-width: 0px; background-color: rgb(255, 255, 255); text-decoration-style: initial; text-decoration-color: initial; display: inline !important; float: none;\"><span style=\"color: rgb(34, 34, 34); font-family: &quot;PingFang SC&quot;, &quot;Hiragino Sans GB&quot;, &quot;Microsoft YaHei&quot;, &quot;WenQuanYi Micro Hei&quot;, &quot;Helvetica Neue&quot;, Arial, sans-serif; font-size: 16px; font-style: normal; font-variant-ligatures: normal; font-variant-caps: normal; font-weight: normal; letter-spacing: normal; orphans: 2; text-align: left; text-indent: 0px; text-transform: none; white-space: normal; widows: 2; word-spacing: 0px; -webkit-text-stroke-width: 0px; background-color: rgb(255, 255, 255); text-decoration-style: initial; text-decoration-color: initial; display: inline !important; float: none;\">小编第一次去曹县吃的第一顿早饭就是鱼汤，这是曹县人最受欢迎的早餐。小编走到一家鱼汤店，一位小孩正在跟妈妈喝鱼汤，小孩面对鱼汤满脸笑容，鱼汤入口时，我看到了他幸福的表情，在小孩的感染下，小编点了一份鱼汤。</span></span></p><p style=\"text-align:center\"><img src=\"http://localhost:8080/news/upload/image/news/20170607/1496833519584016784.jpg\" title=\"1496833519584016784.jpg\"/></p><p style=\"text-align:center\"><img src=\"http://localhost:8080/news/upload/image/news/20170607/1496833519592019063.jpg\" title=\"1496833519592019063.jpg\"/></p><p><span style=\"color: rgb(34, 34, 34); font-family: &quot;PingFang SC&quot;, &quot;Hiragino Sans GB&quot;, &quot;Microsoft YaHei&quot;, &quot;WenQuanYi Micro Hei&quot;, &quot;Helvetica Neue&quot;, Arial, sans-serif; font-size: 16px; font-style: normal; font-variant-ligatures: normal; font-variant-caps: normal; font-weight: normal; letter-spacing: normal; orphans: 2; text-align: left; text-indent: 0px; text-transform: none; white-space: normal; widows: 2; word-spacing: 0px; -webkit-text-stroke-width: 0px; background-color: rgb(255, 255, 255); text-decoration-style: initial; text-decoration-color: initial; display: inline !important; float: none;\">曹县鱼汤汤底是由胡椒粉、淀粉之类调配而成，用的鱼是炸干的小河鱼，搭配上豆腐泡，撒入香菜、紫菜，滴上两滴醋跟香油，一碗香喷喷的鱼汤就出锅了，拿起勺子，一口下去，鱼汤的鲜美味道萦绕舌尖，让人欲罢不能。</span></p><p style=\"text-align:center\"><img src=\"http://localhost:8080/news/upload/image/news/20170607/1496833519629069265.jpg\" title=\"1496833519629069265.jpg\"/></p><p><span style=\"color: rgb(34, 34, 34); font-family: &quot;PingFang SC&quot;, &quot;Hiragino Sans GB&quot;, &quot;Microsoft YaHei&quot;, &quot;WenQuanYi Micro Hei&quot;, &quot;Helvetica Neue&quot;, Arial, sans-serif; font-size: 16px; font-style: normal; font-variant-ligatures: normal; font-variant-caps: normal; font-weight: normal; letter-spacing: normal; orphans: 2; text-align: left; text-indent: 0px; text-transform: none; white-space: normal; widows: 2; word-spacing: 0px; -webkit-text-stroke-width: 0px; background-color: rgb(255, 255, 255); text-decoration-style: initial; text-decoration-color: initial; display: inline !important; float: none;\">小编从喝过鱼汤后就在也无法忘记，曹县也成了小编最爱去的城市，经过小编的多次尝试，锁定了曹县八一路口的那家鱼汤店，去曹县第一件事就是去他家喝碗鱼汤，这也是小编这么多年唯一坚持下来的一个习惯，还是值得表扬的</span></p><p style=\"text-align:center\"><img src=\"http://localhost:8080/news/upload/image/news/20170607/1496833519658084482.jpg\" title=\"1496833519658084482.jpg\"/></p><p><br/></p>', '美食', '8');
INSERT INTO `news` VALUES ('73', '23', '2017-06-07 19:12:00', '中国饮料拯救洛杉矶夏天，中国美食征服世界', '<p><span style=\"color: rgb(34, 34, 34); font-family: &quot;PingFang SC&quot;, &quot;Hiragino Sans GB&quot;, &quot;Microsoft YaHei&quot;, &quot;WenQuanYi Micro Hei&quot;, &quot;Helvetica Neue&quot;, Arial, sans-serif; font-size: 16px; font-style: normal; font-variant-ligatures: normal; font-variant-caps: normal; font-weight: normal; letter-spacing: normal; orphans: 2; text-align: left; text-indent: 0px; text-transform: none; white-space: normal; widows: 2; word-spacing: 0px; -webkit-text-stroke-width: 0px; background-color: rgb(255, 255, 255); text-decoration-style: initial; text-decoration-color: initial; display: inline !important; float: none;\">自从辣条征服了美国市场之后，我国的饮料也进军洛杉矶成为美国人民的新宠！歪果仁自从来了中国之后，定义了中国的新四大发明对它们赞不绝口↓↓</span></p><p><span style=\"color: rgb(34, 34, 34); font-family: &quot;PingFang SC&quot;, &quot;Hiragino Sans GB&quot;, &quot;Microsoft YaHei&quot;, &quot;WenQuanYi Micro Hei&quot;, &quot;Helvetica Neue&quot;, Arial, sans-serif; font-size: 16px; font-style: normal; font-variant-ligatures: normal; font-variant-caps: normal; font-weight: normal; letter-spacing: normal; orphans: 2; text-align: left; text-indent: 0px; text-transform: none; white-space: normal; widows: 2; word-spacing: 0px; -webkit-text-stroke-width: 0px; background-color: rgb(255, 255, 255); text-decoration-style: initial; text-decoration-color: initial; display: inline !important; float: none;\"></span></p><p style=\"margin: 16px 0px; padding: 0px; color: rgb(34, 34, 34); font-family: &quot;PingFang SC&quot;, &quot;Hiragino Sans GB&quot;, &quot;Microsoft YaHei&quot;, &quot;WenQuanYi Micro Hei&quot;, &quot;Helvetica Neue&quot;, Arial, sans-serif; font-size: 16px; font-style: normal; font-variant-ligatures: normal; font-variant-caps: normal; font-weight: normal; letter-spacing: normal; orphans: 2; text-align: left; text-indent: 0px; text-transform: none; white-space: normal; widows: 2; word-spacing: 0px; -webkit-text-stroke-width: 0px; background-color: rgb(255, 255, 255); text-decoration-style: initial; text-decoration-color: initial;\"><strong style=\"font-weight: 700;\">煎饼</strong></p><p style=\"margin: 16px 0px; padding: 0px; color: rgb(34, 34, 34); font-family: &quot;PingFang SC&quot;, &quot;Hiragino Sans GB&quot;, &quot;Microsoft YaHei&quot;, &quot;WenQuanYi Micro Hei&quot;, &quot;Helvetica Neue&quot;, Arial, sans-serif; font-size: 16px; font-style: normal; font-variant-ligatures: normal; font-variant-caps: normal; font-weight: normal; letter-spacing: normal; orphans: 2; text-align: left; text-indent: 0px; text-transform: none; white-space: normal; widows: 2; word-spacing: 0px; -webkit-text-stroke-width: 0px; background-color: rgb(255, 255, 255); text-decoration-style: initial; text-decoration-color: initial;\">煎饼果子攻陷纽约街头，美国人中了它的毒,美国人老金曾于二十年前留学中国，彼时中了煎饼果子的毒。后来，他回北京拜师学艺，如今将煎饼果子带回纽约，自己开了家煎饼果子店。一套煎饼卖一百块，老外吃得赞不绝口!网友纷纷被老外们拿刀叉吃煎饼果子的样子萌坏了!</p><p><span style=\"color: rgb(34, 34, 34); font-family: &quot;PingFang SC&quot;, &quot;Hiragino Sans GB&quot;, &quot;Microsoft YaHei&quot;, &quot;WenQuanYi Micro Hei&quot;, &quot;Helvetica Neue&quot;, Arial, sans-serif; font-size: 16px; font-style: normal; font-variant-ligatures: normal; font-variant-caps: normal; font-weight: normal; letter-spacing: normal; orphans: 2; text-align: left; text-indent: 0px; text-transform: none; white-space: normal; widows: 2; word-spacing: 0px; -webkit-text-stroke-width: 0px; background-color: rgb(255, 255, 255); text-decoration-style: initial; text-decoration-color: initial; display: inline !important; float: none;\"><br/></span><br/></p><p style=\"text-align:center\"><img src=\"http://localhost:8080/news/upload/image/news/20170607/1496833797632063755.jpg\" title=\"1496833797632063755.jpg\"/></p><p><span style=\"color: rgb(34, 34, 34); font-family: &quot;PingFang SC&quot;, &quot;Hiragino Sans GB&quot;, &quot;Microsoft YaHei&quot;, &quot;WenQuanYi Micro Hei&quot;, &quot;Helvetica Neue&quot;, Arial, sans-serif; font-size: 16px; font-style: normal; font-variant-ligatures: normal; font-variant-caps: normal; font-weight: normal; letter-spacing: normal; orphans: 2; text-align: left; text-indent: 0px; text-transform: none; white-space: normal; widows: 2; word-spacing: 0px; -webkit-text-stroke-width: 0px; background-color: rgb(255, 255, 255); text-decoration-style: initial; text-decoration-color: initial; display: inline !important; float: none;\">除此之外，征服歪果仁的还有我们的中华美食，当中国饮料拯救洛杉矶夏天、煎饼果子走进纽约，你是不是也早已摩拳擦掌准备去进货转行了??</span></p><p style=\"text-align:center\"><img src=\"http://localhost:8080/news/upload/image/news/20170607/1496833797659020063.jpg\" title=\"1496833797659020063.jpg\"/></p><p style=\"text-align:center\"><img src=\"http://localhost:8080/news/upload/image/news/20170607/1496833797691030015.jpg\" title=\"1496833797691030015.jpg\"/></p><p><span style=\"color: rgb(34, 34, 34); font-family: &quot;PingFang SC&quot;, &quot;Hiragino Sans GB&quot;, &quot;Microsoft YaHei&quot;, &quot;WenQuanYi Micro Hei&quot;, &quot;Helvetica Neue&quot;, Arial, sans-serif; font-size: 16px; font-style: normal; font-variant-ligatures: normal; font-variant-caps: normal; font-weight: normal; letter-spacing: normal; orphans: 2; text-align: left; text-indent: 0px; text-transform: none; white-space: normal; widows: 2; word-spacing: 0px; -webkit-text-stroke-width: 0px; background-color: rgb(255, 255, 255); text-decoration-style: initial; text-decoration-color: initial; display: inline !important; float: none;\">网友在美国街头做街头测试，免费试喝中国饮料。竟有人愿意花高价去购买这些饮料，他们的反应也不要太可爱。他们甚至抢着喝，难道美国除了可乐就没有其他饮料了吗？那他们真的是太可怜了，老铁，来杯六神！网友：这几天的天气也是热的够呛！中国饮料拯救洛杉矶的夏天，又找到了瞬间致富的好方法，我要去美国卖饮料了！网友评论：正在迪拜捡垃圾的我:“风向又变了?”</span></p><p style=\"text-align:center\"><img src=\"http://localhost:8080/news/upload/image/news/20170607/1496833797716005105.jpg\" title=\"1496833797716005105.jpg\"/></p><p style=\"margin: 16px 0px; padding: 0px; color: rgb(34, 34, 34); font-family: &quot;PingFang SC&quot;, &quot;Hiragino Sans GB&quot;, &quot;Microsoft YaHei&quot;, &quot;WenQuanYi Micro Hei&quot;, &quot;Helvetica Neue&quot;, Arial, sans-serif; font-size: 16px; font-style: normal; font-variant-ligatures: normal; font-variant-caps: normal; font-weight: normal; letter-spacing: normal; orphans: 2; text-align: left; text-indent: 0px; text-transform: none; white-space: normal; widows: 2; word-spacing: 0px; -webkit-text-stroke-width: 0px; background-color: rgb(255, 255, 255); text-decoration-style: initial; text-decoration-color: initial;\"><strong style=\"font-weight: 700;\">辣条</strong></p><p style=\"margin: 16px 0px; padding: 0px; color: rgb(34, 34, 34); font-family: &quot;PingFang SC&quot;, &quot;Hiragino Sans GB&quot;, &quot;Microsoft YaHei&quot;, &quot;WenQuanYi Micro Hei&quot;, &quot;Helvetica Neue&quot;, Arial, sans-serif; font-size: 16px; font-style: normal; font-variant-ligatures: normal; font-variant-caps: normal; font-weight: normal; letter-spacing: normal; orphans: 2; text-align: left; text-indent: 0px; text-transform: none; white-space: normal; widows: 2; word-spacing: 0px; -webkit-text-stroke-width: 0px; background-color: rgb(255, 255, 255); text-decoration-style: initial; text-decoration-color: initial;\">英国广播公司(BBC)拍了一部三集纪录片《中国新年》(ChineseNewYear)，介绍中国人过春节的风(chī)俗(hē)习(wán)惯(lè)，其中竟提到了辣条!片中，俩英国老头在街上买了几包零食，有鱿鱼丝啊凤爪啊什么的，还有辣条。</p><p style=\"margin: 16px 0px; padding: 0px; color: rgb(34, 34, 34); font-family: &quot;PingFang SC&quot;, &quot;Hiragino Sans GB&quot;, &quot;Microsoft YaHei&quot;, &quot;WenQuanYi Micro Hei&quot;, &quot;Helvetica Neue&quot;, Arial, sans-serif; font-size: 16px; font-style: normal; font-variant-ligatures: normal; font-variant-caps: normal; font-weight: normal; letter-spacing: normal; orphans: 2; text-align: left; text-indent: 0px; text-transform: none; white-space: normal; widows: 2; word-spacing: 0px; -webkit-text-stroke-width: 0px; background-color: rgb(255, 255, 255); text-decoration-style: initial; text-decoration-color: initial;\">其中一人称辣条是“mostpopularsnack。。。”，广大中国网友看到这段后，立马不干了，“辣条是最受欢迎的零食”?啥时候辣条能代表我大中华美食了?它却从校门口奶奶的货架里，堂而皇之地登上美国奢侈食品榜，5毛钱辣条漂洋过海到美国后价格竟然高达12美元，折合人民币76元，价格飞涨十几倍，走上“高逼格”。</p><p style=\"text-align:center\"><img src=\"http://localhost:8080/news/upload/image/news/20170607/1496833797747069994.jpg\" title=\"1496833797747069994.jpg\"/></p><p><br/></p>', '美食', '8');
INSERT INTO `news` VALUES ('74', '23', '2017-06-07 19:12:02', '中国饮料拯救洛杉矶夏天，中国美食征服世界', '<p><span style=\"color: rgb(34, 34, 34); font-family: &quot;PingFang SC&quot;, &quot;Hiragino Sans GB&quot;, &quot;Microsoft YaHei&quot;, &quot;WenQuanYi Micro Hei&quot;, &quot;Helvetica Neue&quot;, Arial, sans-serif; font-size: 16px; font-style: normal; font-variant-ligatures: normal; font-variant-caps: normal; font-weight: normal; letter-spacing: normal; orphans: 2; text-align: left; text-indent: 0px; text-transform: none; white-space: normal; widows: 2; word-spacing: 0px; -webkit-text-stroke-width: 0px; background-color: rgb(255, 255, 255); text-decoration-style: initial; text-decoration-color: initial; display: inline !important; float: none;\">自从辣条征服了美国市场之后，我国的饮料也进军洛杉矶成为美国人民的新宠！歪果仁自从来了中国之后，定义了中国的新四大发明对它们赞不绝口↓↓</span></p><p><span style=\"color: rgb(34, 34, 34); font-family: &quot;PingFang SC&quot;, &quot;Hiragino Sans GB&quot;, &quot;Microsoft YaHei&quot;, &quot;WenQuanYi Micro Hei&quot;, &quot;Helvetica Neue&quot;, Arial, sans-serif; font-size: 16px; font-style: normal; font-variant-ligatures: normal; font-variant-caps: normal; font-weight: normal; letter-spacing: normal; orphans: 2; text-align: left; text-indent: 0px; text-transform: none; white-space: normal; widows: 2; word-spacing: 0px; -webkit-text-stroke-width: 0px; background-color: rgb(255, 255, 255); text-decoration-style: initial; text-decoration-color: initial; display: inline !important; float: none;\"></span></p><p style=\"margin: 16px 0px; padding: 0px; color: rgb(34, 34, 34); font-family: &quot;PingFang SC&quot;, &quot;Hiragino Sans GB&quot;, &quot;Microsoft YaHei&quot;, &quot;WenQuanYi Micro Hei&quot;, &quot;Helvetica Neue&quot;, Arial, sans-serif; font-size: 16px; font-style: normal; font-variant-ligatures: normal; font-variant-caps: normal; font-weight: normal; letter-spacing: normal; orphans: 2; text-align: left; text-indent: 0px; text-transform: none; white-space: normal; widows: 2; word-spacing: 0px; -webkit-text-stroke-width: 0px; background-color: rgb(255, 255, 255); text-decoration-style: initial; text-decoration-color: initial;\"><strong style=\"font-weight: 700;\">煎饼</strong></p><p style=\"margin: 16px 0px; padding: 0px; color: rgb(34, 34, 34); font-family: &quot;PingFang SC&quot;, &quot;Hiragino Sans GB&quot;, &quot;Microsoft YaHei&quot;, &quot;WenQuanYi Micro Hei&quot;, &quot;Helvetica Neue&quot;, Arial, sans-serif; font-size: 16px; font-style: normal; font-variant-ligatures: normal; font-variant-caps: normal; font-weight: normal; letter-spacing: normal; orphans: 2; text-align: left; text-indent: 0px; text-transform: none; white-space: normal; widows: 2; word-spacing: 0px; -webkit-text-stroke-width: 0px; background-color: rgb(255, 255, 255); text-decoration-style: initial; text-decoration-color: initial;\">煎饼果子攻陷纽约街头，美国人中了它的毒,美国人老金曾于二十年前留学中国，彼时中了煎饼果子的毒。后来，他回北京拜师学艺，如今将煎饼果子带回纽约，自己开了家煎饼果子店。一套煎饼卖一百块，老外吃得赞不绝口!网友纷纷被老外们拿刀叉吃煎饼果子的样子萌坏了!</p><p><span style=\"color: rgb(34, 34, 34); font-family: &quot;PingFang SC&quot;, &quot;Hiragino Sans GB&quot;, &quot;Microsoft YaHei&quot;, &quot;WenQuanYi Micro Hei&quot;, &quot;Helvetica Neue&quot;, Arial, sans-serif; font-size: 16px; font-style: normal; font-variant-ligatures: normal; font-variant-caps: normal; font-weight: normal; letter-spacing: normal; orphans: 2; text-align: left; text-indent: 0px; text-transform: none; white-space: normal; widows: 2; word-spacing: 0px; -webkit-text-stroke-width: 0px; background-color: rgb(255, 255, 255); text-decoration-style: initial; text-decoration-color: initial; display: inline !important; float: none;\"><br/></span><br/></p><p style=\"text-align:center\"><img src=\"http://localhost:8080/news/upload/image/news/20170607/1496833797632063755.jpg\" title=\"1496833797632063755.jpg\"/></p><p><span style=\"color: rgb(34, 34, 34); font-family: &quot;PingFang SC&quot;, &quot;Hiragino Sans GB&quot;, &quot;Microsoft YaHei&quot;, &quot;WenQuanYi Micro Hei&quot;, &quot;Helvetica Neue&quot;, Arial, sans-serif; font-size: 16px; font-style: normal; font-variant-ligatures: normal; font-variant-caps: normal; font-weight: normal; letter-spacing: normal; orphans: 2; text-align: left; text-indent: 0px; text-transform: none; white-space: normal; widows: 2; word-spacing: 0px; -webkit-text-stroke-width: 0px; background-color: rgb(255, 255, 255); text-decoration-style: initial; text-decoration-color: initial; display: inline !important; float: none;\">除此之外，征服歪果仁的还有我们的中华美食，当中国饮料拯救洛杉矶夏天、煎饼果子走进纽约，你是不是也早已摩拳擦掌准备去进货转行了??</span></p><p style=\"text-align:center\"><img src=\"http://localhost:8080/news/upload/image/news/20170607/1496833797659020063.jpg\" title=\"1496833797659020063.jpg\"/></p><p style=\"text-align:center\"><img src=\"http://localhost:8080/news/upload/image/news/20170607/1496833797691030015.jpg\" title=\"1496833797691030015.jpg\"/></p><p><span style=\"color: rgb(34, 34, 34); font-family: &quot;PingFang SC&quot;, &quot;Hiragino Sans GB&quot;, &quot;Microsoft YaHei&quot;, &quot;WenQuanYi Micro Hei&quot;, &quot;Helvetica Neue&quot;, Arial, sans-serif; font-size: 16px; font-style: normal; font-variant-ligatures: normal; font-variant-caps: normal; font-weight: normal; letter-spacing: normal; orphans: 2; text-align: left; text-indent: 0px; text-transform: none; white-space: normal; widows: 2; word-spacing: 0px; -webkit-text-stroke-width: 0px; background-color: rgb(255, 255, 255); text-decoration-style: initial; text-decoration-color: initial; display: inline !important; float: none;\">网友在美国街头做街头测试，免费试喝中国饮料。竟有人愿意花高价去购买这些饮料，他们的反应也不要太可爱。他们甚至抢着喝，难道美国除了可乐就没有其他饮料了吗？那他们真的是太可怜了，老铁，来杯六神！网友：这几天的天气也是热的够呛！中国饮料拯救洛杉矶的夏天，又找到了瞬间致富的好方法，我要去美国卖饮料了！网友评论：正在迪拜捡垃圾的我:“风向又变了?”</span></p><p style=\"text-align:center\"><img src=\"http://localhost:8080/news/upload/image/news/20170607/1496833797716005105.jpg\" title=\"1496833797716005105.jpg\"/></p><p style=\"margin: 16px 0px; padding: 0px; color: rgb(34, 34, 34); font-family: &quot;PingFang SC&quot;, &quot;Hiragino Sans GB&quot;, &quot;Microsoft YaHei&quot;, &quot;WenQuanYi Micro Hei&quot;, &quot;Helvetica Neue&quot;, Arial, sans-serif; font-size: 16px; font-style: normal; font-variant-ligatures: normal; font-variant-caps: normal; font-weight: normal; letter-spacing: normal; orphans: 2; text-align: left; text-indent: 0px; text-transform: none; white-space: normal; widows: 2; word-spacing: 0px; -webkit-text-stroke-width: 0px; background-color: rgb(255, 255, 255); text-decoration-style: initial; text-decoration-color: initial;\"><strong style=\"font-weight: 700;\">辣条</strong></p><p style=\"margin: 16px 0px; padding: 0px; color: rgb(34, 34, 34); font-family: &quot;PingFang SC&quot;, &quot;Hiragino Sans GB&quot;, &quot;Microsoft YaHei&quot;, &quot;WenQuanYi Micro Hei&quot;, &quot;Helvetica Neue&quot;, Arial, sans-serif; font-size: 16px; font-style: normal; font-variant-ligatures: normal; font-variant-caps: normal; font-weight: normal; letter-spacing: normal; orphans: 2; text-align: left; text-indent: 0px; text-transform: none; white-space: normal; widows: 2; word-spacing: 0px; -webkit-text-stroke-width: 0px; background-color: rgb(255, 255, 255); text-decoration-style: initial; text-decoration-color: initial;\">英国广播公司(BBC)拍了一部三集纪录片《中国新年》(ChineseNewYear)，介绍中国人过春节的风(chī)俗(hē)习(wán)惯(lè)，其中竟提到了辣条!片中，俩英国老头在街上买了几包零食，有鱿鱼丝啊凤爪啊什么的，还有辣条。</p><p style=\"margin: 16px 0px; padding: 0px; color: rgb(34, 34, 34); font-family: &quot;PingFang SC&quot;, &quot;Hiragino Sans GB&quot;, &quot;Microsoft YaHei&quot;, &quot;WenQuanYi Micro Hei&quot;, &quot;Helvetica Neue&quot;, Arial, sans-serif; font-size: 16px; font-style: normal; font-variant-ligatures: normal; font-variant-caps: normal; font-weight: normal; letter-spacing: normal; orphans: 2; text-align: left; text-indent: 0px; text-transform: none; white-space: normal; widows: 2; word-spacing: 0px; -webkit-text-stroke-width: 0px; background-color: rgb(255, 255, 255); text-decoration-style: initial; text-decoration-color: initial;\">其中一人称辣条是“mostpopularsnack。。。”，广大中国网友看到这段后，立马不干了，“辣条是最受欢迎的零食”?啥时候辣条能代表我大中华美食了?它却从校门口奶奶的货架里，堂而皇之地登上美国奢侈食品榜，5毛钱辣条漂洋过海到美国后价格竟然高达12美元，折合人民币76元，价格飞涨十几倍，走上“高逼格”。</p><p style=\"text-align:center\"><img src=\"http://localhost:8080/news/upload/image/news/20170607/1496833797747069994.jpg\" title=\"1496833797747069994.jpg\"/></p><p><br/></p>', '美食', '8');
INSERT INTO `news` VALUES ('75', '23', '2017-06-07 19:12:04', '中国饮料拯救洛杉矶夏天，中国美食征服世界', '<p><span style=\"color: rgb(34, 34, 34); font-family: &quot;PingFang SC&quot;, &quot;Hiragino Sans GB&quot;, &quot;Microsoft YaHei&quot;, &quot;WenQuanYi Micro Hei&quot;, &quot;Helvetica Neue&quot;, Arial, sans-serif; font-size: 16px; font-style: normal; font-variant-ligatures: normal; font-variant-caps: normal; font-weight: normal; letter-spacing: normal; orphans: 2; text-align: left; text-indent: 0px; text-transform: none; white-space: normal; widows: 2; word-spacing: 0px; -webkit-text-stroke-width: 0px; background-color: rgb(255, 255, 255); text-decoration-style: initial; text-decoration-color: initial; display: inline !important; float: none;\">自从辣条征服了美国市场之后，我国的饮料也进军洛杉矶成为美国人民的新宠！歪果仁自从来了中国之后，定义了中国的新四大发明对它们赞不绝口↓↓</span></p><p><span style=\"color: rgb(34, 34, 34); font-family: &quot;PingFang SC&quot;, &quot;Hiragino Sans GB&quot;, &quot;Microsoft YaHei&quot;, &quot;WenQuanYi Micro Hei&quot;, &quot;Helvetica Neue&quot;, Arial, sans-serif; font-size: 16px; font-style: normal; font-variant-ligatures: normal; font-variant-caps: normal; font-weight: normal; letter-spacing: normal; orphans: 2; text-align: left; text-indent: 0px; text-transform: none; white-space: normal; widows: 2; word-spacing: 0px; -webkit-text-stroke-width: 0px; background-color: rgb(255, 255, 255); text-decoration-style: initial; text-decoration-color: initial; display: inline !important; float: none;\"></span></p><p style=\"margin: 16px 0px; padding: 0px; color: rgb(34, 34, 34); font-family: &quot;PingFang SC&quot;, &quot;Hiragino Sans GB&quot;, &quot;Microsoft YaHei&quot;, &quot;WenQuanYi Micro Hei&quot;, &quot;Helvetica Neue&quot;, Arial, sans-serif; font-size: 16px; font-style: normal; font-variant-ligatures: normal; font-variant-caps: normal; font-weight: normal; letter-spacing: normal; orphans: 2; text-align: left; text-indent: 0px; text-transform: none; white-space: normal; widows: 2; word-spacing: 0px; -webkit-text-stroke-width: 0px; background-color: rgb(255, 255, 255); text-decoration-style: initial; text-decoration-color: initial;\"><strong style=\"font-weight: 700;\">煎饼</strong></p><p style=\"margin: 16px 0px; padding: 0px; color: rgb(34, 34, 34); font-family: &quot;PingFang SC&quot;, &quot;Hiragino Sans GB&quot;, &quot;Microsoft YaHei&quot;, &quot;WenQuanYi Micro Hei&quot;, &quot;Helvetica Neue&quot;, Arial, sans-serif; font-size: 16px; font-style: normal; font-variant-ligatures: normal; font-variant-caps: normal; font-weight: normal; letter-spacing: normal; orphans: 2; text-align: left; text-indent: 0px; text-transform: none; white-space: normal; widows: 2; word-spacing: 0px; -webkit-text-stroke-width: 0px; background-color: rgb(255, 255, 255); text-decoration-style: initial; text-decoration-color: initial;\">煎饼果子攻陷纽约街头，美国人中了它的毒,美国人老金曾于二十年前留学中国，彼时中了煎饼果子的毒。后来，他回北京拜师学艺，如今将煎饼果子带回纽约，自己开了家煎饼果子店。一套煎饼卖一百块，老外吃得赞不绝口!网友纷纷被老外们拿刀叉吃煎饼果子的样子萌坏了!</p><p><span style=\"color: rgb(34, 34, 34); font-family: &quot;PingFang SC&quot;, &quot;Hiragino Sans GB&quot;, &quot;Microsoft YaHei&quot;, &quot;WenQuanYi Micro Hei&quot;, &quot;Helvetica Neue&quot;, Arial, sans-serif; font-size: 16px; font-style: normal; font-variant-ligatures: normal; font-variant-caps: normal; font-weight: normal; letter-spacing: normal; orphans: 2; text-align: left; text-indent: 0px; text-transform: none; white-space: normal; widows: 2; word-spacing: 0px; -webkit-text-stroke-width: 0px; background-color: rgb(255, 255, 255); text-decoration-style: initial; text-decoration-color: initial; display: inline !important; float: none;\"><br/></span><br/></p><p style=\"text-align:center\"><img src=\"http://localhost:8080/news/upload/image/news/20170607/1496833797632063755.jpg\" title=\"1496833797632063755.jpg\"/></p><p><span style=\"color: rgb(34, 34, 34); font-family: &quot;PingFang SC&quot;, &quot;Hiragino Sans GB&quot;, &quot;Microsoft YaHei&quot;, &quot;WenQuanYi Micro Hei&quot;, &quot;Helvetica Neue&quot;, Arial, sans-serif; font-size: 16px; font-style: normal; font-variant-ligatures: normal; font-variant-caps: normal; font-weight: normal; letter-spacing: normal; orphans: 2; text-align: left; text-indent: 0px; text-transform: none; white-space: normal; widows: 2; word-spacing: 0px; -webkit-text-stroke-width: 0px; background-color: rgb(255, 255, 255); text-decoration-style: initial; text-decoration-color: initial; display: inline !important; float: none;\">除此之外，征服歪果仁的还有我们的中华美食，当中国饮料拯救洛杉矶夏天、煎饼果子走进纽约，你是不是也早已摩拳擦掌准备去进货转行了??</span></p><p style=\"text-align:center\"><img src=\"http://localhost:8080/news/upload/image/news/20170607/1496833797659020063.jpg\" title=\"1496833797659020063.jpg\"/></p><p style=\"text-align:center\"><img src=\"http://localhost:8080/news/upload/image/news/20170607/1496833797691030015.jpg\" title=\"1496833797691030015.jpg\"/></p><p><span style=\"color: rgb(34, 34, 34); font-family: &quot;PingFang SC&quot;, &quot;Hiragino Sans GB&quot;, &quot;Microsoft YaHei&quot;, &quot;WenQuanYi Micro Hei&quot;, &quot;Helvetica Neue&quot;, Arial, sans-serif; font-size: 16px; font-style: normal; font-variant-ligatures: normal; font-variant-caps: normal; font-weight: normal; letter-spacing: normal; orphans: 2; text-align: left; text-indent: 0px; text-transform: none; white-space: normal; widows: 2; word-spacing: 0px; -webkit-text-stroke-width: 0px; background-color: rgb(255, 255, 255); text-decoration-style: initial; text-decoration-color: initial; display: inline !important; float: none;\">网友在美国街头做街头测试，免费试喝中国饮料。竟有人愿意花高价去购买这些饮料，他们的反应也不要太可爱。他们甚至抢着喝，难道美国除了可乐就没有其他饮料了吗？那他们真的是太可怜了，老铁，来杯六神！网友：这几天的天气也是热的够呛！中国饮料拯救洛杉矶的夏天，又找到了瞬间致富的好方法，我要去美国卖饮料了！网友评论：正在迪拜捡垃圾的我:“风向又变了?”</span></p><p style=\"text-align:center\"><img src=\"http://localhost:8080/news/upload/image/news/20170607/1496833797716005105.jpg\" title=\"1496833797716005105.jpg\"/></p><p style=\"margin: 16px 0px; padding: 0px; color: rgb(34, 34, 34); font-family: &quot;PingFang SC&quot;, &quot;Hiragino Sans GB&quot;, &quot;Microsoft YaHei&quot;, &quot;WenQuanYi Micro Hei&quot;, &quot;Helvetica Neue&quot;, Arial, sans-serif; font-size: 16px; font-style: normal; font-variant-ligatures: normal; font-variant-caps: normal; font-weight: normal; letter-spacing: normal; orphans: 2; text-align: left; text-indent: 0px; text-transform: none; white-space: normal; widows: 2; word-spacing: 0px; -webkit-text-stroke-width: 0px; background-color: rgb(255, 255, 255); text-decoration-style: initial; text-decoration-color: initial;\"><strong style=\"font-weight: 700;\">辣条</strong></p><p style=\"margin: 16px 0px; padding: 0px; color: rgb(34, 34, 34); font-family: &quot;PingFang SC&quot;, &quot;Hiragino Sans GB&quot;, &quot;Microsoft YaHei&quot;, &quot;WenQuanYi Micro Hei&quot;, &quot;Helvetica Neue&quot;, Arial, sans-serif; font-size: 16px; font-style: normal; font-variant-ligatures: normal; font-variant-caps: normal; font-weight: normal; letter-spacing: normal; orphans: 2; text-align: left; text-indent: 0px; text-transform: none; white-space: normal; widows: 2; word-spacing: 0px; -webkit-text-stroke-width: 0px; background-color: rgb(255, 255, 255); text-decoration-style: initial; text-decoration-color: initial;\">英国广播公司(BBC)拍了一部三集纪录片《中国新年》(ChineseNewYear)，介绍中国人过春节的风(chī)俗(hē)习(wán)惯(lè)，其中竟提到了辣条!片中，俩英国老头在街上买了几包零食，有鱿鱼丝啊凤爪啊什么的，还有辣条。</p><p style=\"margin: 16px 0px; padding: 0px; color: rgb(34, 34, 34); font-family: &quot;PingFang SC&quot;, &quot;Hiragino Sans GB&quot;, &quot;Microsoft YaHei&quot;, &quot;WenQuanYi Micro Hei&quot;, &quot;Helvetica Neue&quot;, Arial, sans-serif; font-size: 16px; font-style: normal; font-variant-ligatures: normal; font-variant-caps: normal; font-weight: normal; letter-spacing: normal; orphans: 2; text-align: left; text-indent: 0px; text-transform: none; white-space: normal; widows: 2; word-spacing: 0px; -webkit-text-stroke-width: 0px; background-color: rgb(255, 255, 255); text-decoration-style: initial; text-decoration-color: initial;\">其中一人称辣条是“mostpopularsnack。。。”，广大中国网友看到这段后，立马不干了，“辣条是最受欢迎的零食”?啥时候辣条能代表我大中华美食了?它却从校门口奶奶的货架里，堂而皇之地登上美国奢侈食品榜，5毛钱辣条漂洋过海到美国后价格竟然高达12美元，折合人民币76元，价格飞涨十几倍，走上“高逼格”。</p><p style=\"text-align:center\"><img src=\"http://localhost:8080/news/upload/image/news/20170607/1496833797747069994.jpg\" title=\"1496833797747069994.jpg\"/></p><p><br/></p>', '美食', '8');
INSERT INTO `news` VALUES ('76', '24', '2017-06-07 22:49:29', '安全押送高考试卷全过程！', '<p><img src=\"http://localhost:8080/news/upload/image/news/20170607/1496846957285080656.jpg\" title=\"1496846957285080656.jpg\"/></p><p><img src=\"http://localhost:8080/news/upload/image/news/20170607/1496846957285046906.jpg\" title=\"1496846957285046906.jpg\"/></p><p><img src=\"http://localhost:8080/news/upload/image/news/20170607/1496846957285085234.jpg\" title=\"1496846957285085234.jpg\"/></p><p><img src=\"http://localhost:8080/news/upload/image/news/20170607/1496846957393026360.jpg\" title=\"1496846957393026360.jpg\"/></p><p><img src=\"http://localhost:8080/news/upload/image/news/20170607/1496846957413078186.jpg\" title=\"1496846957413078186.jpg\"/></p><p><img src=\"http://localhost:8080/news/upload/image/news/20170607/1496846957436089410.jpg\" title=\"1496846957436089410.jpg\"/></p><p><img src=\"http://localhost:8080/news/upload/image/news/20170607/1496846957478028519.jpg\" title=\"1496846957478028519.jpg\"/></p><p><img src=\"http://localhost:8080/news/upload/image/news/20170607/1496846957493045607.jpg\" title=\"1496846957493045607.jpg\"/></p><p><img src=\"http://localhost:8080/news/upload/image/news/20170607/1496846957516030596.jpg\" title=\"1496846957516030596.jpg\"/></p><p><img src=\"http://localhost:8080/news/upload/image/news/20170607/1496846957550099302.jpg\" title=\"1496846957550099302.jpg\"/></p><p><img src=\"http://localhost:8080/news/upload/image/news/20170607/1496846957561052155.jpg\" title=\"1496846957561052155.jpg\"/></p><p><img src=\"http://localhost:8080/news/upload/image/news/20170607/1496846957573041366.jpg\" title=\"1496846957573041366.jpg\"/></p><p><img src=\"http://localhost:8080/news/upload/image/news/20170607/1496846957599090603.jpg\" title=\"1496846957599090603.jpg\"/></p><p><img src=\"http://localhost:8080/news/upload/image/news/20170607/1496846957610031048.jpg\" title=\"1496846957610031048.jpg\"/></p><p><br/></p>', '高考', '3');
INSERT INTO `news` VALUES ('77', '24', '2017-06-07 23:10:25', '高考首日：芜湖考生走错考场 护考交警及时护送转场', '<p><img src=\"http://localhost:8080/news/upload/image/news/20170607/1496848220880026160.jpg\" title=\"1496848220880026160.jpg\"/></p><p><img src=\"http://localhost:8080/news/upload/image/news/20170607/1496848220880019653.jpg\" title=\"1496848220880019653.jpg\"/></p><p><img src=\"http://localhost:8080/news/upload/image/news/20170607/1496848220915071822.jpg\" title=\"1496848220915071822.jpg\"/></p><p><img src=\"http://localhost:8080/news/upload/image/news/20170607/1496848220969037537.jpg\" title=\"1496848220969037537.jpg\"/></p><p><br/></p>', '高考', '3');
INSERT INTO `news` VALUES ('78', '14', '2017-06-07 23:24:05', '八位儿女不忘父恩带他游览西湖，这是病危老人的最后一梦', '<p><img src=\"http://localhost:8080/news/upload/image/news/20170607/1496849035054006780.png\" title=\"1496849035054006780.png\"/></p><p><img src=\"http://localhost:8080/news/upload/image/news/20170607/1496849035109005583.jpg\" title=\"1496849035109005583.jpg\"/></p><p><img src=\"http://localhost:8080/news/upload/image/news/20170607/1496849035129003796.png\" title=\"1496849035129003796.png\"/></p><p><img src=\"http://localhost:8080/news/upload/image/news/20170607/1496849035178016945.png\" title=\"1496849035178016945.png\"/></p><p><img src=\"http://localhost:8080/news/upload/image/news/20170607/1496849035224025659.png\" title=\"1496849035224025659.png\"/></p><p><img src=\"http://localhost:8080/news/upload/image/news/20170607/1496849035289028608.png\" title=\"1496849035289028608.png\"/></p><p><img src=\"http://localhost:8080/news/upload/image/news/20170607/1496849035329070963.png\" title=\"1496849035329070963.png\"/></p><p><img src=\"http://localhost:8080/news/upload/image/news/20170607/1496849035358068177.png\" title=\"1496849035358068177.png\"/></p><p><img src=\"http://localhost:8080/news/upload/image/news/20170607/1496849035401095278.png\" title=\"1496849035401095278.png\"/></p><p><img src=\"http://localhost:8080/news/upload/image/news/20170607/1496849035426063491.png\" title=\"1496849035426063491.png\"/></p><p><br/></p>', '孝道', '3');
INSERT INTO `news` VALUES ('79', '14', '2017-06-07 23:31:35', '曾是昔日童星，如今变成白富美，出门百万豪车相送', '<p><img src=\"http://localhost:8080/news/upload/image/news/20170607/1496849475418020209.png\" title=\"1496849475418020209.png\"/></p><p><img src=\"http://localhost:8080/news/upload/image/news/20170607/1496849475439004440.png\" title=\"1496849475439004440.png\"/></p><p><img src=\"http://localhost:8080/news/upload/image/news/20170607/1496849475454069882.jpg\" title=\"1496849475454069882.jpg\"/></p><p><img src=\"http://localhost:8080/news/upload/image/news/20170607/1496849475481061538.png\" title=\"1496849475481061538.png\"/></p><p><br/></p>', '杨紫', '3');
INSERT INTO `news` VALUES ('80', '9', '2017-06-08 00:38:02', 'Safe And Sound', '<p><video class=\"edui-upload-video  vjs-default-skin video-js\" controls=\"\" preload=\"none\" width=\"420\" height=\"280\" src=\"http://localhost:8080/news/upload/video/20170608/1496853470341055650.mp4\" data-setup=\"{}\"></video></p>', 'Tylor Swift', '4');
INSERT INTO `news` VALUES ('81', '9', '2017-06-08 00:40:03', 'I See Fire', '<p><video class=\"edui-upload-video  vjs-default-skin video-js\" controls=\"\" preload=\"none\" width=\"420\" height=\"280\" src=\"http://localhost:8080/news/upload/video/20170608/1496853588671006028.mp4\" data-setup=\"{}\"></video></p>', '黄老板', '4');

-- ----------------------------
-- Table structure for `picture`
-- ----------------------------
DROP TABLE IF EXISTS `picture`;
CREATE TABLE `picture` (
  `pic_id` int(11) NOT NULL auto_increment,
  `editor_id` int(11) default NULL,
  `category_id` int(11) default NULL,
  `description` varchar(255) default NULL,
  `path` varchar(255) default NULL,
  `news_id` int(11) default NULL,
  `group_id` int(11) default NULL,
  `share_id` int(11) default NULL,
  PRIMARY KEY  (`pic_id`),
  KEY `pic_ref_user` (`editor_id`),
  KEY `pic_ref_category` (`category_id`),
  KEY `pic_ref_news` (`news_id`),
  KEY `pic_ref_group` (`group_id`),
  KEY `pic_ref_share` (`share_id`),
  CONSTRAINT `pic_ref_category` FOREIGN KEY (`category_id`) REFERENCES `category` (`category_id`) ON DELETE CASCADE ON UPDATE CASCADE,
  CONSTRAINT `pic_ref_group` FOREIGN KEY (`group_id`) REFERENCES `pic_group` (`id`) ON DELETE CASCADE ON UPDATE CASCADE,
  CONSTRAINT `pic_ref_news` FOREIGN KEY (`news_id`) REFERENCES `news` (`news_id`) ON DELETE CASCADE ON UPDATE CASCADE,
  CONSTRAINT `pic_ref_share` FOREIGN KEY (`share_id`) REFERENCES `share` (`share_id`) ON DELETE CASCADE ON UPDATE CASCADE,
  CONSTRAINT `pic_ref_user` FOREIGN KEY (`editor_id`) REFERENCES `user` (`uid`) ON DELETE CASCADE ON UPDATE CASCADE
) ENGINE=InnoDB DEFAULT CHARSET=utf8;

-- ----------------------------
-- Records of picture
-- ----------------------------
INSERT INTO `picture` VALUES ('1', '1', '2', null, 'http://localhost:8080/news/upload/image/news/20170607/1496805245849045007.jpg', '41', null, null);
INSERT INTO `picture` VALUES ('2', '1', '2', null, 'http://localhost:8080/news/upload/image/news/20170607/1496805343910053867.jpg', '41', null, null);
INSERT INTO `picture` VALUES ('3', '1', '2', null, 'http://localhost:8080/news/upload/image/news/20170607/1496805409829003011.jpg', '41', null, null);
INSERT INTO `picture` VALUES ('4', '1', '2', null, 'http://localhost:8080/news/upload/image/news/20170607/1496805409917005429.jpg', '41', null, null);
INSERT INTO `picture` VALUES ('5', '1', '2', null, 'http://localhost:8080/news/upload/image/news/20170607/1496805409863074949.jpg', '41', null, null);
INSERT INTO `picture` VALUES ('6', '1', '2', null, 'http://localhost:8080/news/upload/image/news/20170607/1496805409886081188.jpg', '41', null, null);
INSERT INTO `picture` VALUES ('7', '1', '2', null, 'http://localhost:8080/news/upload/image/news/20170607/1496805409818094384.jpg', '41', null, null);
INSERT INTO `picture` VALUES ('8', '1', '2', null, 'http://localhost:8080/news/upload/image/news/20170607/1496805409899080792.jpg', '41', null, null);
INSERT INTO `picture` VALUES ('9', '21', '7', null, 'http://localhost:8080/news/upload/image/news/20170607/1496816652774039033.jpg', '43', null, null);
INSERT INTO `picture` VALUES ('10', '21', '7', null, 'http://localhost:8080/news/upload/image/news/20170607/1496816839562012841.jpg', '44', null, null);
INSERT INTO `picture` VALUES ('11', '21', '7', null, 'http://localhost:8080/news/upload/image/news/20170607/1496816979924055354.jpg', '44', null, null);
INSERT INTO `picture` VALUES ('12', '21', '7', null, 'http://localhost:8080/news/upload/image/news/20170607/1496816979919078868.jpg', '44', null, null);
INSERT INTO `picture` VALUES ('15', '14', '7', null, 'http://localhost:8080/news/upload/image/news/20170607/1496820899278038363.jpg', '48', null, null);
INSERT INTO `picture` VALUES ('16', '14', '7', null, 'http://localhost:8080/news/upload/image/news/20170607/1496820942273043137.jpg', '48', null, null);
INSERT INTO `picture` VALUES ('17', '14', '7', null, 'http://localhost:8080/news/upload/image/news/20170607/1496820942297036798.jpg', '48', null, null);
INSERT INTO `picture` VALUES ('18', '14', '7', null, 'http://localhost:8080/news/upload/image/news/20170607/1496821313466019522.jpg', '49', null, null);
INSERT INTO `picture` VALUES ('19', '14', '7', null, 'http://localhost:8080/news/upload/image/news/20170607/1496821313477045547.jpg', '49', null, null);
INSERT INTO `picture` VALUES ('20', '14', '7', null, 'http://localhost:8080/news/upload/image/news/20170607/1496821313484023023.jpg', '49', null, null);
INSERT INTO `picture` VALUES ('21', '14', '7', null, 'http://localhost:8080/news/upload/image/news/20170607/1496821313537092800.jpg', '49', null, null);
INSERT INTO `picture` VALUES ('22', '14', '7', null, 'http://localhost:8080/news/upload/image/news/20170607/1496821313548047207.jpg', '49', null, null);
INSERT INTO `picture` VALUES ('23', '14', '7', null, 'http://localhost:8080/news/upload/image/news/20170607/1496821313559025801.jpg', '49', null, null);
INSERT INTO `picture` VALUES ('24', '14', '7', null, 'http://localhost:8080/news/upload/image/news/20170607/1496821313582030564.jpg', '49', null, null);
INSERT INTO `picture` VALUES ('25', '14', '7', null, 'http://localhost:8080/news/upload/image/news/20170607/1496821313589079323.jpg', '49', null, null);
INSERT INTO `picture` VALUES ('26', '20', '2', null, 'http://localhost:8080/news/upload/image/news/20170607/1496823479132037044.jpg', '50', null, null);
INSERT INTO `picture` VALUES ('27', '20', '2', null, 'http://localhost:8080/news/upload/image/news/20170607/1496823479142062002.jpg', '50', null, null);
INSERT INTO `picture` VALUES ('28', '20', '2', null, 'http://localhost:8080/news/upload/image/news/20170607/1496823622702097979.jpg', '50', null, null);
INSERT INTO `picture` VALUES ('29', '20', '2', null, 'http://localhost:8080/news/upload/image/news/20170607/1496823622695092073.jpg', '50', null, null);
INSERT INTO `picture` VALUES ('30', '4', '2', null, 'http://localhost:8080/news/upload/image/news/20170607/1496825216303086120.jpg', '55', null, null);
INSERT INTO `picture` VALUES ('31', '4', '2', null, 'http://localhost:8080/news/upload/image/news/20170607/1496825216328038651.jpg', '55', null, null);
INSERT INTO `picture` VALUES ('32', '18', '2', null, 'http://localhost:8080/news/upload/image/news/20170607/1496825504613022851.png', '56', null, null);
INSERT INTO `picture` VALUES ('33', '18', '5', null, 'http://localhost:8080/news/upload/image/news/20170607/1496826087635020288.jpg', '57', null, null);
INSERT INTO `picture` VALUES ('34', '18', '5', null, 'http://localhost:8080/news/upload/image/news/20170607/1496826087633064868.jpg', '57', null, null);
INSERT INTO `picture` VALUES ('35', '18', '5', null, 'http://localhost:8080/news/upload/image/news/20170607/1496826087687022384.jpg', '57', null, null);
INSERT INTO `picture` VALUES ('36', '18', '5', null, 'http://localhost:8080/news/upload/image/news/20170607/1496826087625038135.jpg', '57', null, null);
INSERT INTO `picture` VALUES ('37', '18', '5', null, 'http://localhost:8080/news/upload/image/news/20170607/1496826087678016494.jpg', '57', null, null);
INSERT INTO `picture` VALUES ('38', '18', '5', null, 'http://localhost:8080/news/upload/image/news/20170607/1496826087669022673.jpg', '57', null, null);
INSERT INTO `picture` VALUES ('39', '18', '5', null, 'http://localhost:8080/news/upload/image/news/20170607/1496826259596073092.jpg', '58', null, null);
INSERT INTO `picture` VALUES ('40', '18', '5', null, 'http://localhost:8080/news/upload/image/news/20170607/1496826259604027558.jpg', '58', null, null);
INSERT INTO `picture` VALUES ('41', '18', '5', null, 'http://localhost:8080/news/upload/image/news/20170607/1496826259615402678.jpg', '58', null, null);
INSERT INTO `picture` VALUES ('42', '18', '5', null, 'http://localhost:8080/news/upload/image/news/20170607/1496826403833037754.jpg', '59', null, null);
INSERT INTO `picture` VALUES ('43', '18', '5', null, 'http://localhost:8080/news/upload/image/news/20170607/1496826403856049651.jpg', '59', null, null);
INSERT INTO `picture` VALUES ('44', '18', '5', null, 'http://localhost:8080/news/upload/image/news/20170607/1496826596757059315.jpg', '60', null, null);
INSERT INTO `picture` VALUES ('45', '18', '5', null, 'http://localhost:8080/news/upload/image/news/20170607/1496826596774087914.jpg', '60', null, null);
INSERT INTO `picture` VALUES ('46', '18', '5', null, 'http://localhost:8080/news/upload/image/news/20170607/1496826596801088031.jpg', '60', null, null);
INSERT INTO `picture` VALUES ('47', '18', '5', null, 'http://localhost:8080/news/upload/image/news/20170607/1496826596801047913.jpg', '60', null, null);
INSERT INTO `picture` VALUES ('48', '18', '6', null, 'http://localhost:8080/news/upload/image/news/20170607/1496826879188098470.jpg', '61', null, null);
INSERT INTO `picture` VALUES ('49', '18', '6', null, 'http://localhost:8080/news/upload/image/news/20170607/1496826879161022597.jpg', '61', null, null);
INSERT INTO `picture` VALUES ('50', '18', '6', null, 'http://localhost:8080/news/upload/image/news/20170607/1496826879148078251.jpg', '61', null, null);
INSERT INTO `picture` VALUES ('51', '18', '6', null, 'http://localhost:8080/news/upload/image/news/20170607/1496827371086089565.jpg', '63', null, null);
INSERT INTO `picture` VALUES ('52', '18', '6', null, 'http://localhost:8080/news/upload/image/news/20170607/1496827371086092053.jpg', '63', null, null);
INSERT INTO `picture` VALUES ('53', '18', '6', null, 'http://localhost:8080/news/upload/image/news/20170607/1496827371114048541.jpg', '63', null, null);
INSERT INTO `picture` VALUES ('54', '18', '6', null, 'http://localhost:8080/news/upload/image/news/20170607/1496827371123050967.jpg', '63', null, null);
INSERT INTO `picture` VALUES ('55', '18', '1', null, 'http://localhost:8080/news/upload/image/news/20170607/1496827734813070069.jpg', '64', null, null);
INSERT INTO `picture` VALUES ('56', '23', '1', null, 'http://localhost:8080/news/upload/image/news/20170607/1496828019455035086.jpg', '65', null, null);
INSERT INTO `picture` VALUES ('57', '23', '1', null, 'http://localhost:8080/news/upload/image/news/20170607/1496828019486030101.jpg', '65', null, null);
INSERT INTO `picture` VALUES ('58', '23', '1', null, 'http://localhost:8080/news/upload/image/news/20170607/1496829172093019222.jpg', '66', null, null);
INSERT INTO `picture` VALUES ('59', '23', '1', null, 'http://localhost:8080/news/upload/image/news/20170607/1496829172202098828.jpg', '66', null, null);
INSERT INTO `picture` VALUES ('60', '23', '1', null, 'http://localhost:8080/news/upload/image/news/20170607/1496829172225075551.png', '66', null, null);
INSERT INTO `picture` VALUES ('61', '23', '1', null, 'http://localhost:8080/news/upload/image/news/20170607/1496829319120086343.jpg', '67', null, null);
INSERT INTO `picture` VALUES ('62', '23', '1', null, 'http://localhost:8080/news/upload/image/news/20170607/1496829319142028497.jpg', '67', null, null);
INSERT INTO `picture` VALUES ('63', '23', '1', null, 'http://localhost:8080/news/upload/image/news/20170607/1496829319194065898.jpg', '67', null, null);
INSERT INTO `picture` VALUES ('64', '23', '1', null, 'http://localhost:8080/news/upload/image/news/20170607/1496829319253091861.jpg', '67', null, null);
INSERT INTO `picture` VALUES ('65', '23', '1', null, 'http://localhost:8080/news/upload/image/news/20170607/1496829458499074565.jpg', '68', null, null);
INSERT INTO `picture` VALUES ('66', '23', '1', null, 'http://localhost:8080/news/upload/image/news/20170607/1496829458509037396.jpg', '68', null, null);
INSERT INTO `picture` VALUES ('67', '23', '8', null, 'http://localhost:8080/news/upload/image/news/20170607/1496832902841008564.jpg', '69', null, null);
INSERT INTO `picture` VALUES ('68', '23', '8', null, 'http://localhost:8080/news/upload/image/news/20170607/1496832902641040139.jpg', '69', null, null);
INSERT INTO `picture` VALUES ('69', '23', '8', null, 'http://localhost:8080/news/upload/image/news/20170607/1496832902648017465.jpg', '69', null, null);
INSERT INTO `picture` VALUES ('70', '23', '8', null, 'http://localhost:8080/news/upload/image/news/20170607/1496832902708095928.jpg', '69', null, null);
INSERT INTO `picture` VALUES ('71', '23', '8', null, 'http://localhost:8080/news/upload/image/news/20170607/1496832902783079846.jpg', '69', null, null);
INSERT INTO `picture` VALUES ('72', '23', '8', null, 'http://localhost:8080/news/upload/image/news/20170607/1496832902793058093.jpg', '69', null, null);
INSERT INTO `picture` VALUES ('73', '23', '8', null, 'http://localhost:8080/news/upload/image/news/20170607/1496832902841008564.jpg', '70', null, null);
INSERT INTO `picture` VALUES ('74', '23', '8', null, 'http://localhost:8080/news/upload/image/news/20170607/1496832902641040139.jpg', '70', null, null);
INSERT INTO `picture` VALUES ('75', '23', '8', null, 'http://localhost:8080/news/upload/image/news/20170607/1496832902648017465.jpg', '70', null, null);
INSERT INTO `picture` VALUES ('76', '23', '8', null, 'http://localhost:8080/news/upload/image/news/20170607/1496832902708095928.jpg', '70', null, null);
INSERT INTO `picture` VALUES ('77', '23', '8', null, 'http://localhost:8080/news/upload/image/news/20170607/1496832902783079846.jpg', '70', null, null);
INSERT INTO `picture` VALUES ('78', '23', '8', null, 'http://localhost:8080/news/upload/image/news/20170607/1496832902793058093.jpg', '70', null, null);
INSERT INTO `picture` VALUES ('79', '23', '8', null, 'http://localhost:8080/news/upload/image/news/20170607/1496833320089043795.jpg', '71', null, null);
INSERT INTO `picture` VALUES ('80', '23', '8', null, 'http://localhost:8080/news/upload/image/news/20170607/1496833320105061057.jpg', '71', null, null);
INSERT INTO `picture` VALUES ('81', '23', '8', null, 'http://localhost:8080/news/upload/image/news/20170607/1496833320149002647.jpg', '71', null, null);
INSERT INTO `picture` VALUES ('82', '23', '8', null, 'http://localhost:8080/news/upload/image/news/20170607/1496833320264018838.jpg', '71', null, null);
INSERT INTO `picture` VALUES ('83', '23', '8', null, 'http://localhost:8080/news/upload/image/news/20170607/1496833320211049033.jpg', '71', null, null);
INSERT INTO `picture` VALUES ('84', '23', '8', null, 'http://localhost:8080/news/upload/image/news/20170607/1496833320288028037.jpg', '71', null, null);
INSERT INTO `picture` VALUES ('85', '23', '8', null, 'http://localhost:8080/news/upload/image/news/20170607/1496833519584016784.jpg', '72', null, null);
INSERT INTO `picture` VALUES ('86', '23', '8', null, 'http://localhost:8080/news/upload/image/news/20170607/1496833519592019063.jpg', '72', null, null);
INSERT INTO `picture` VALUES ('87', '23', '8', null, 'http://localhost:8080/news/upload/image/news/20170607/1496833519629069265.jpg', '72', null, null);
INSERT INTO `picture` VALUES ('88', '23', '8', null, 'http://localhost:8080/news/upload/image/news/20170607/1496833519658084482.jpg', '72', null, null);
INSERT INTO `picture` VALUES ('89', '23', '8', null, 'http://localhost:8080/news/upload/image/news/20170607/1496833797632063755.jpg', '73', null, null);
INSERT INTO `picture` VALUES ('90', '23', '8', null, 'http://localhost:8080/news/upload/image/news/20170607/1496833797659020063.jpg', '73', null, null);
INSERT INTO `picture` VALUES ('91', '23', '8', null, 'http://localhost:8080/news/upload/image/news/20170607/1496833797691030015.jpg', '73', null, null);
INSERT INTO `picture` VALUES ('92', '23', '8', null, 'http://localhost:8080/news/upload/image/news/20170607/1496833797716005105.jpg', '73', null, null);
INSERT INTO `picture` VALUES ('93', '23', '8', null, 'http://localhost:8080/news/upload/image/news/20170607/1496833797747069994.jpg', '73', null, null);
INSERT INTO `picture` VALUES ('94', '23', '8', null, 'http://localhost:8080/news/upload/image/news/20170607/1496833797632063755.jpg', '74', null, null);
INSERT INTO `picture` VALUES ('95', '23', '8', null, 'http://localhost:8080/news/upload/image/news/20170607/1496833797659020063.jpg', '74', null, null);
INSERT INTO `picture` VALUES ('96', '23', '8', null, 'http://localhost:8080/news/upload/image/news/20170607/1496833797691030015.jpg', '74', null, null);
INSERT INTO `picture` VALUES ('97', '23', '8', null, 'http://localhost:8080/news/upload/image/news/20170607/1496833797716005105.jpg', '74', null, null);
INSERT INTO `picture` VALUES ('98', '23', '8', null, 'http://localhost:8080/news/upload/image/news/20170607/1496833797747069994.jpg', '74', null, null);
INSERT INTO `picture` VALUES ('99', '23', '8', null, 'http://localhost:8080/news/upload/image/news/20170607/1496833797632063755.jpg', '75', null, null);
INSERT INTO `picture` VALUES ('100', '23', '8', null, 'http://localhost:8080/news/upload/image/news/20170607/1496833797659020063.jpg', '75', null, null);
INSERT INTO `picture` VALUES ('101', '23', '8', null, 'http://localhost:8080/news/upload/image/news/20170607/1496833797691030015.jpg', '75', null, null);
INSERT INTO `picture` VALUES ('102', '23', '8', null, 'http://localhost:8080/news/upload/image/news/20170607/1496833797716005105.jpg', '75', null, null);
INSERT INTO `picture` VALUES ('103', '23', '8', null, 'http://localhost:8080/news/upload/image/news/20170607/1496833797747069994.jpg', '75', null, null);
INSERT INTO `picture` VALUES ('104', '23', null, null, 'http://img.baidu.com/hi/jx2/j_0002.gif\"/></p><p><video class=\"edui-upload-vid', null, null, '2');
INSERT INTO `picture` VALUES ('105', '24', '3', '一年一度的高考即将来临，对许多考生来说，是决定命运的一刻。为了维护良好的考风考纪和考试公正，许多人也在默默地为高考付出努力——安全保密的高考试卷押运就是其中之一。以下图片故事就是一次高考试卷押运的全过程，让我们更能了解武警战士可敬可爱的一面。', 'http://localhost:8080/news/upload/image/news/20170607/1496846957285080656.jpg', '76', '1', null);
INSERT INTO `picture` VALUES ('106', '24', '3', '整个押运，荷枪实弹', 'http://localhost:8080/news/upload/image/news/20170607/1496846957285046906.jpg', '76', '1', null);
INSERT INTO `picture` VALUES ('107', '24', '3', '出发！', 'http://localhost:8080/news/upload/image/news/20170607/1496846957285085234.jpg', '76', '1', null);
INSERT INTO `picture` VALUES ('108', '24', '3', '车队经过好几个喧闹的城市，情况复杂', 'http://localhost:8080/news/upload/image/news/20170607/1496846957393026360.jpg', '76', '1', null);
INSERT INTO `picture` VALUES ('109', '24', '3', null, 'http://localhost:8080/news/upload/image/news/20170607/1496846957413078186.jpg', '76', '1', null);
INSERT INTO `picture` VALUES ('110', '24', '3', '行进途中，在进入一个新地界交接时，武警战士戒备森严', 'http://localhost:8080/news/upload/image/news/20170607/1496846957436089410.jpg', '76', '1', null);
INSERT INTO `picture` VALUES ('111', '24', '3', null, 'http://localhost:8080/news/upload/image/news/20170607/1496846957478028519.jpg', '76', '1', null);
INSERT INTO `picture` VALUES ('112', '24', '3', '厂区，试卷已经准备妥当', 'http://localhost:8080/news/upload/image/news/20170607/1496846957493045607.jpg', '76', '1', null);
INSERT INTO `picture` VALUES ('113', '24', '3', '武警战士检查车封闭情况', 'http://localhost:8080/news/upload/image/news/20170607/1496846957516030596.jpg', '76', '1', null);
INSERT INTO `picture` VALUES ('114', '24', '3', '厂区内所有通讯设备全部失效，交流只能用手语', 'http://localhost:8080/news/upload/image/news/20170607/1496846957550099302.jpg', '76', '1', null);
INSERT INTO `picture` VALUES ('115', '24', '3', '武警战士一人一车，高度警惕', 'http://localhost:8080/news/upload/image/news/20170607/1496846957561052155.jpg', '76', '1', null);
INSERT INTO `picture` VALUES ('116', '24', '3', '在武警战士的监督下，车门被打开', 'http://localhost:8080/news/upload/image/news/20170607/1496846957573041366.jpg', '76', '1', null);
INSERT INTO `picture` VALUES ('117', '24', '3', '现场清点考卷数量', 'http://localhost:8080/news/upload/image/news/20170607/1496846957599090603.jpg', '76', '1', null);
INSERT INTO `picture` VALUES ('118', '24', '3', '考卷交接现场', 'http://localhost:8080/news/upload/image/news/20170607/1496846957610031048.jpg', '76', '1', null);
INSERT INTO `picture` VALUES ('119', '24', '3', '1.2017年6月7日是全国统一高考首日，早晨7点35分安徽省芜湖市安徽师范大学附属中学考点前一名孙姓女考生找到正在护考值勤的芜湖镜湖交警一中队民警说，她走错考场了。 她的考场应该安徽师范大学附属外国语学校。得知情况后，中队长刘钢立即上前安慰考生，让她不要着急，马上安排警车送她转场。刘钢安排考生上车后,立即用对讲机通知沿路护考交警做好畅通保障工作，并向安徽师范大学附属外国语学校急驶而去，路上刘钢还拿出手机让考生向家长说明情况并报平安。5分钟后考生顺利到达考点。 （涂志勤/人民图片)', 'http://localhost:8080/news/upload/image/news/20170607/1496848220880026160.jpg', '77', '2', null);
INSERT INTO `picture` VALUES ('120', '24', '3', '2.6月7日晨7点35分，安徽芜湖一考生走错考场，护考交警立即用警车扩送转场', 'http://localhost:8080/news/upload/image/news/20170607/1496848220880019653.jpg', '77', '2', null);
INSERT INTO `picture` VALUES ('121', '24', '3', '3.6月7日晨7点35分，安徽芜湖一考生走错考场，护考交警立即用警车扩送转场，5分钟后考生顺利到达考点。', 'http://localhost:8080/news/upload/image/news/20170607/1496848220915071822.jpg', '77', '2', null);
INSERT INTO `picture` VALUES ('122', '24', '3', '4.6月7日晨7点35分，安徽芜湖一考生走错考场，护考交警立即用警车扩送转场，5分钟后考生顺利到达考点，冲向考场。', 'http://localhost:8080/news/upload/image/news/20170607/1496848220969037537.jpg', '77', '2', null);
INSERT INTO `picture` VALUES ('123', '14', '3', '崔庆祥，河南开封杞县人，八十岁的他一生养育了八位儿女，却从没有过外出的机会。去年11月，崔庆祥老人突发脑溢血，一场高强度的手术之后，凌晨时分崔庆祥才被推了出来，当时手术算是成功，但仍然昏迷了2个月，医院多次下达了病危通知书。', 'http://localhost:8080/news/upload/image/news/20170607/1496849035054006780.png', '78', '3', null);
INSERT INTO `picture` VALUES ('124', '14', '3', '虽然希望渺茫，医生多次劝说将老人接回家，但家人们都坚持着，也许是这样一份亲情，老人从深深的昏迷中被唤醒。春节前夕，家人们便将病情好转的崔庆祥接回家去住了。由于长期卧床，老人总说：“我要走了，你们都要回来送送我。”', 'http://localhost:8080/news/upload/image/news/20170607/1496849035109005583.jpg', '78', '3', null);
INSERT INTO `picture` VALUES ('125', '14', '3', '随着春天到来，老人总是念着从小就想去一趟杭州西湖的湖畔看看，希望在临终之前了却这最后的愿望，多次商讨之后，家人们决定了却老人这个梦想，将现有的一辆车拆掉了后座，变成了一辆临时“房车”，在后面铺上被子，供两个老人睡觉。', 'http://localhost:8080/news/upload/image/news/20170607/1496849035129003796.png', '78', '3', null);
INSERT INTO `picture` VALUES ('126', '14', '3', '各项准备完成后，老人被家人从家里接了出来，随行的还有崔庆祥的老伴，两个大儿子还有小女儿。', 'http://localhost:8080/news/upload/image/news/20170607/1496849035178016945.png', '78', '3', null);
INSERT INTO `picture` VALUES ('127', '14', '3', '两位老人放在了床上睡着。因为没有位置，小女儿只能卡在车最后的角落里，关上门，也算是上路成功一半了。', 'http://localhost:8080/news/upload/image/news/20170607/1496849035224025659.png', '78', '3', null);
INSERT INTO `picture` VALUES ('128', '14', '3', '父母是孩子的一面镜子，父亲病倒以后，一向严肃的大儿子一改往日的形象跪在一旁，一口一口吹凉了药汤给自己的父亲喂药。', 'http://localhost:8080/news/upload/image/news/20170607/1496849035289028608.png', '78', '3', null);
INSERT INTO `picture` VALUES ('129', '14', '3', '母亲也有病在身，路上总是开到一半就要下车方便一下，他们就这样停停走走地一路往杭州西湖开去。', 'http://localhost:8080/news/upload/image/news/20170607/1496849035329070963.png', '78', '3', null);
INSERT INTO `picture` VALUES ('130', '14', '3', '到了夜晚，两位老人在夜色中睡去，这样的时光总是度过一秒便消失一秒，大儿子希望他的父亲能再活久一些。', 'http://localhost:8080/news/upload/image/news/20170607/1496849035358068177.png', '78', '3', null);
INSERT INTO `picture` VALUES ('131', '14', '3', '千里奔波，十多个小时之后，他们终于到达了杭州的西湖岸边，行人很多，碰巧遇上了两位摄影师要给崔庆祥拍照，老人还特别有童心的比了一个剪刀手。', 'http://localhost:8080/news/upload/image/news/20170607/1496849035401095278.png', '78', '3', null);
INSERT INTO `picture` VALUES ('132', '14', '3', '老人终于了却了自己的梦想，坐在西湖的边上远远眺望波光粼粼的水面，不禁留下了泪水，他这一辈子都交给了自己八位儿女，从没有出过远门，看过新的中国，在临终前，他的儿女们也算是为他圆了最后一梦。', 'http://localhost:8080/news/upload/image/news/20170607/1496849035426063491.png', '78', '3', null);
INSERT INTO `picture` VALUES ('133', '14', '3', '杨紫与“刘星”，俩人原本就因《家有儿女》结缘，如今又是同学，所以粉丝都有意凑合二人，谁奈“郎无心，妾无意”，二人只是以闺密相称，无论是私下还是公众面前，俩人互怼起来也是没节操，这样的互动倒也挺有趣的。', 'http://localhost:8080/news/upload/image/news/20170607/1496849475418020209.png', '79', '4', null);
INSERT INTO `picture` VALUES ('134', '14', '3', '在感情方面，在不久前与秦俊杰的微博亲密互动则看出了其已经开始了自己的新恋情。这段恋情也得到了当事人的证实，同时得到了很多粉丝祝福，在这也祝福他们能够长长久久，也祝愿张一山早日脱单', 'http://localhost:8080/news/upload/image/news/20170607/1496849475439004440.png', '79', '4', null);
INSERT INTO `picture` VALUES ('135', '14', '3', '二人如今在事业上都迎来了各自的春天，从他们的坐骑上不难看出。张一山是价值百万的宝马X6，而杨紫的座驾则是宝马以及奔驰类，这不仅侧面看出观众对他们的认可，更是他们自身精湛的演技促就了他们', 'http://localhost:8080/news/upload/image/news/20170607/1496849475454069882.jpg', '79', '4', null);
INSERT INTO `picture` VALUES ('136', '14', '3', '在感情方面，在不久前与秦俊杰的微博亲密互动则看出了其已经开始了自己的新恋情。这段恋情也得到了当事人的证实，同时得到了很多粉丝祝福，在这也祝福他们能够长长久久，也祝愿张一山早日脱单。', 'http://localhost:8080/news/upload/image/news/20170607/1496849475481061538.png', '79', '4', null);
INSERT INTO `picture` VALUES ('137', '2', null, null, 'http://img.baidu.com/hi/jx2/j_0028.gif\"/></p><p><br/></p><p><video class=\"edu', null, null, '9');

-- ----------------------------
-- Table structure for `pic_group`
-- ----------------------------
DROP TABLE IF EXISTS `pic_group`;
CREATE TABLE `pic_group` (
  `id` int(11) NOT NULL auto_increment,
  `grouptitle` varchar(100) default NULL,
  `uploadtime` date default NULL,
  `share_id` int(11) default NULL,
  PRIMARY KEY  (`id`),
  KEY `pic_group_ref_share` (`share_id`),
  CONSTRAINT `pic_group_ref_share` FOREIGN KEY (`share_id`) REFERENCES `share` (`share_id`) ON DELETE CASCADE ON UPDATE CASCADE
) ENGINE=InnoDB DEFAULT CHARSET=utf8;

-- ----------------------------
-- Records of pic_group
-- ----------------------------
INSERT INTO `pic_group` VALUES ('1', '镜头下：安全押送高考试卷全过程', '2017-06-01', null);
INSERT INTO `pic_group` VALUES ('2', '高考首日：芜湖考生走错考场 护考交警及时护送转场', '2017-06-07', null);
INSERT INTO `pic_group` VALUES ('3', '八位儿女不忘父恩带他游览西湖，这是病危老人的最后一梦', '2017-06-02', null);
INSERT INTO `pic_group` VALUES ('4', '曾是昔日童星，如今变成白富美，出门百万豪车相送', '2017-06-04', null);

-- ----------------------------
-- Table structure for `share`
-- ----------------------------
DROP TABLE IF EXISTS `share`;
CREATE TABLE `share` (
  `share_id` int(11) NOT NULL auto_increment,
  `news_id` int(11) default NULL,
  `user_id` int(11) default NULL,
  `share_date` timestamp NULL default NULL,
  `share_content` longtext,
  `pic_id` int(11) default NULL,
  `parent_share_id` int(11) default NULL,
  PRIMARY KEY  (`share_id`),
  KEY `share_ref_news` (`news_id`),
  KEY `share_ref_user` (`user_id`),
  KEY `share_ref_pic` (`pic_id`),
  CONSTRAINT `share_ref_news` FOREIGN KEY (`news_id`) REFERENCES `news` (`news_id`) ON DELETE CASCADE ON UPDATE CASCADE,
  CONSTRAINT `share_ref_pic` FOREIGN KEY (`pic_id`) REFERENCES `picture` (`pic_id`) ON DELETE CASCADE ON UPDATE CASCADE,
  CONSTRAINT `share_ref_user` FOREIGN KEY (`user_id`) REFERENCES `user` (`uid`) ON DELETE CASCADE ON UPDATE CASCADE
) ENGINE=InnoDB DEFAULT CHARSET=utf8;

-- ----------------------------
-- Records of share
-- ----------------------------
INSERT INTO `share` VALUES ('1', null, '1', '2017-06-07 11:27:20', '<p>这个MV真是太棒了</p><p><video class=\"edui-upload-video  vjs-default-skin video-js\" controls=\"\" preload=\"none\" width=\"420\" height=\"280\" src=\"http://localhost:8080/news/upload/video/20170607/1496806020615036943.mp4\" data-setup=\"{}\"></video></p>', null, null);
INSERT INTO `share` VALUES ('2', null, '23', '2017-06-07 19:23:29', '<p>去<em class=\"red\">迪士尼&nbsp;</em>玩的一位聋哑小朋友，惊喜地发现米奇，米妮和布鲁托可以用手语跟自己交流，他真的好开心，这个拥抱的画面好暖<img src=\"http://img.baidu.com/hi/jx2/j_0002.gif\"/></p><p><video class=\"edui-upload-video  vjs-default-skin video-js\" controls=\"\" preload=\"none\" width=\"420\" height=\"280\" src=\"http://localhost:8080/news/upload/video/20170607/1496834422180002419.mp4\" data-setup=\"{}\"></video></p>', null, null);
INSERT INTO `share` VALUES ('3', null, '23', '2017-06-07 19:28:06', '<p>去<em class=\"red\">迪士尼&nbsp;</em>玩的一位聋哑小朋友，惊喜地发现米奇，米妮和布鲁托可以用手语跟自己交流，他真的好开心，这个拥抱的画面好暖</p><p><video class=\"edui-upload-video  vjs-default-skin video-js\" controls=\"\" preload=\"none\" width=\"420\" height=\"280\" src=\"http://localhost:8080/news/upload/video/20170607/1496834422180002419.mp4\" data-setup=\"{}\"></video></p>', null, null);
INSERT INTO `share` VALUES ('4', null, '23', '2017-06-07 19:28:51', '转发测试', null, '3');
INSERT INTO `share` VALUES ('6', null, '2', '2017-06-07 19:42:38', '太暖心了', null, '3');
INSERT INTO `share` VALUES ('9', null, '2', '2017-06-08 00:21:20', '<p>最好听的歌啦~~~~<img src=\"http://img.baidu.com/hi/jx2/j_0028.gif\"/></p><p><br/></p><p><video class=\"edui-upload-video  vjs-default-skin video-js\" controls=\"\" preload=\"none\" width=\"420\" height=\"280\" src=\"http://localhost:8080/news/upload/video/20170608/1496852402167011288.mp4\" data-setup=\"{}\"></video></p>', null, null);

-- ----------------------------
-- Table structure for `up`
-- ----------------------------
DROP TABLE IF EXISTS `up`;
CREATE TABLE `up` (
  `upid` int(11) NOT NULL auto_increment,
  `user_id` int(11) default NULL,
  `news_id` int(11) default NULL,
  `comment_id` int(11) default NULL,
  `pic_id` int(11) default NULL,
  `video_id` int(11) default NULL,
  `up_and_down` int(11) default NULL,
  `share_id` int(11) default NULL,
  PRIMARY KEY  (`upid`),
  KEY `up_ref_video` (`video_id`),
  KEY `up_ref_news` (`news_id`),
  KEY `up_ref_pic` (`pic_id`),
  KEY `up_ref_user` (`user_id`),
  KEY `up_ref_comment` (`comment_id`),
  KEY `up_ref_share` (`share_id`),
  CONSTRAINT `up_ref_comment` FOREIGN KEY (`comment_id`) REFERENCES `comment` (`comment_id`) ON DELETE CASCADE ON UPDATE CASCADE,
  CONSTRAINT `up_ref_news` FOREIGN KEY (`news_id`) REFERENCES `news` (`news_id`) ON DELETE CASCADE ON UPDATE CASCADE,
  CONSTRAINT `up_ref_pic` FOREIGN KEY (`pic_id`) REFERENCES `picture` (`pic_id`) ON DELETE CASCADE ON UPDATE CASCADE,
  CONSTRAINT `up_ref_share` FOREIGN KEY (`share_id`) REFERENCES `share` (`share_id`) ON DELETE CASCADE ON UPDATE CASCADE,
  CONSTRAINT `up_ref_user` FOREIGN KEY (`user_id`) REFERENCES `user` (`uid`) ON DELETE CASCADE ON UPDATE CASCADE,
  CONSTRAINT `up_ref_video` FOREIGN KEY (`video_id`) REFERENCES `video` (`video_id`) ON DELETE CASCADE ON UPDATE CASCADE
) ENGINE=InnoDB DEFAULT CHARSET=utf8;

-- ----------------------------
-- Records of up
-- ----------------------------
INSERT INTO `up` VALUES ('12', '23', null, null, null, null, '1', '4');
INSERT INTO `up` VALUES ('13', '1', '41', null, null, null, '1', null);
INSERT INTO `up` VALUES ('14', '2', '41', null, null, null, '1', null);
INSERT INTO `up` VALUES ('15', '3', '41', null, null, null, '1', null);
INSERT INTO `up` VALUES ('16', '4', '41', null, null, null, '1', null);
INSERT INTO `up` VALUES ('17', '10', '41', null, null, null, '1', null);
INSERT INTO `up` VALUES ('18', '11', '41', null, null, null, '1', null);
INSERT INTO `up` VALUES ('19', '12', '41', null, null, null, '1', null);
INSERT INTO `up` VALUES ('38', '12', '48', null, null, null, '1', null);
INSERT INTO `up` VALUES ('39', '12', '48', null, null, null, '1', null);
INSERT INTO `up` VALUES ('40', '12', '49', null, null, null, '1', null);
INSERT INTO `up` VALUES ('41', '12', '49', null, null, null, '1', null);
INSERT INTO `up` VALUES ('45', '12', '60', null, null, null, '1', null);
INSERT INTO `up` VALUES ('46', '12', '60', null, null, null, '1', null);
INSERT INTO `up` VALUES ('47', '12', '60', null, null, null, '1', null);
INSERT INTO `up` VALUES ('48', '12', '60', null, null, null, '1', null);
INSERT INTO `up` VALUES ('49', '12', '60', null, null, null, '1', null);
INSERT INTO `up` VALUES ('50', '12', '57', null, null, null, '1', null);
INSERT INTO `up` VALUES ('51', '12', '57', null, null, null, '1', null);
INSERT INTO `up` VALUES ('52', '12', '57', null, null, null, '1', null);
INSERT INTO `up` VALUES ('53', '2', null, null, null, null, '1', '9');

-- ----------------------------
-- Table structure for `user`
-- ----------------------------
DROP TABLE IF EXISTS `user`;
CREATE TABLE `user` (
  `uid` int(11) NOT NULL auto_increment,
  `level` int(11) default NULL,
  `username` varchar(50) default NULL,
  `password` varchar(50) default NULL,
  `user_image` varchar(255) default NULL,
  `regist_time` date default NULL COMMENT '用户表',
  `birthday` date default NULL,
  `age` int(11) default NULL,
  `email` varchar(100) default NULL,
  `self_introduce` varchar(100) default NULL,
  `sex` varchar(2) default NULL,
  PRIMARY KEY  (`uid`)
) ENGINE=InnoDB DEFAULT CHARSET=utf8;

-- ----------------------------
-- Records of user
-- ----------------------------
INSERT INTO `user` VALUES ('1', '1', '凤凰网', '123456', '/news/upload/243300000d4b55a6be53.jpg', '2017-05-18', '2017-05-17', '12', '23@qq.com', 'never quit and never stop', '女');
INSERT INTO `user` VALUES ('2', '0', '巴啦啦小魔仙', '123456', '/news/upload/243300000d4b55a6be53.jpg', '2017-05-17', '2017-05-17', '12', '23@qq.com', 'never quit and never stop', '女');
INSERT INTO `user` VALUES ('3', '1', '央视新闻', '123456', '/news/upload/243300000d4b55a6be53.jpg', '2017-02-16', '2017-05-11', '12', '1431@qq.com', 'never quit and never stop', '男');
INSERT INTO `user` VALUES ('4', '1', '搜狐娱乐', '123456', '/news/upload/243300000d4b55a6be53.jpg', '2017-05-03', '2017-05-17', '13', '342@qq.com', 'never quit and never stop', '男');
INSERT INTO `user` VALUES ('8', '1', '呆呆的木头人', '123456', '/news/upload/243300000d4b55a6be53.jpg', '2017-05-31', '2017-05-10', '0', '123@qq.com', null, '男');
INSERT INTO `user` VALUES ('9', '1', '大大风车', '123456', '/news/upload/243300000d4b55a6be53.jpg', '2017-05-31', '2017-05-10', '0', '123@qq.com', null, '男');
INSERT INTO `user` VALUES ('10', '0', '向阳生长的蘑菇', '123456', '/news/upload/243300000d4b55a6be53.jpg', '2017-05-31', '1995-02-10', '22', '1233344@qq.com', null, '男');
INSERT INTO `user` VALUES ('11', '0', '皮卡丘', '123456', '/news/upload/243300000d4b55a6be53.jpg', '2017-06-01', '2017-06-06', '0', '6781@qq.com', null, '男');
INSERT INTO `user` VALUES ('12', '0', '丘比特', '123456', '/news/upload/243300000d4b55a6be53.jpg', '2017-06-01', '2017-06-14', '0', '1233344@qq.com', null, '男');
INSERT INTO `user` VALUES ('13', '0', '太阳花', '123456', '/news/upload/243300000d4b55a6be53.jpg', '2017-06-01', '1995-06-14', '22', '1233344@qq.com', null, '男');
INSERT INTO `user` VALUES ('14', '1', '低头的向日葵', '123456', '/news/upload/243300000d4b55a6be53.jpg', '2017-06-01', '2017-06-13', '0', '123@qq.com', null, '男');
INSERT INTO `user` VALUES ('15', '1', '非主流的名字', '123456', '/news/upload/243300000d4b55a6be53.jpg', '2017-06-01', '2017-06-13', '0', '123@qq.com', null, '男');
INSERT INTO `user` VALUES ('16', '1', '我有毒苹果', '123456', '/news/upload/243300000d4b55a6be53.jpg', '2017-06-01', '2017-06-20', '0', 'fdsafds@163.com', null, '女');
INSERT INTO `user` VALUES ('18', '1', '会飞的彼特儿潘', '111111', '/news/upload/243300000d4b55a6be53.jpg', '2017-06-01', '2017-06-07', '0', '123@qq.com', null, '男');
INSERT INTO `user` VALUES ('19', '1', '不知道起什么好', '123456', '/news/upload/243300000d4b55a6be53.jpg', '2017-06-01', '2017-06-20', '0', '123@qq.com', null, '男');
INSERT INTO `user` VALUES ('20', '1', '小仙女', '123456', '/news/upload/243300000d4b55a6be53.jpg', '2017-06-01', '2017-06-13', '0', '123@qq.com', null, '女');
INSERT INTO `user` VALUES ('21', '1', '腾讯新闻', '123456', '/news/upload/u=989506971,2688363582&fm=117&gp=0.jpg', '2017-06-07', '2017-06-01', '0', '123@qq.com', null, '男');
INSERT INTO `user` VALUES ('22', '1', '新浪新闻', '111111', '/news/upload/243300000d4b55a6be53.jpg', '2017-06-07', '2017-06-07', '0', '1233@qq.com', null, '女');
INSERT INTO `user` VALUES ('23', '1', '民大新闻', '111111', '/news/upload/242e00045fb37e75be3c.jpg', '2017-06-07', '2017-06-07', '0', '1213@qq.com', 'never quit and never stop', '男');
INSERT INTO `user` VALUES ('24', '1', '学摄影技巧', '111111', '/news/upload/242e00045fb37e75be3c.jpg', '2017-06-07', '2017-01-07', '0', '324@qq.com', null, '男');

-- ----------------------------
-- Table structure for `video`
-- ----------------------------
DROP TABLE IF EXISTS `video`;
CREATE TABLE `video` (
  `video_id` int(11) NOT NULL auto_increment,
  `title` varchar(100) default NULL,
  `path` varchar(255) default NULL,
  `upload_time` date default NULL,
  `playnumber` int(11) default NULL,
  `uploader_id` int(11) default NULL,
  `news_id` int(11) default NULL,
  `share_id` int(11) default NULL,
  PRIMARY KEY  (`video_id`),
  KEY `video_ref_user` (`uploader_id`),
  KEY `video_ref_news` (`news_id`),
  KEY `video_ref_share` (`share_id`),
  CONSTRAINT `video_ref_news` FOREIGN KEY (`news_id`) REFERENCES `news` (`news_id`) ON DELETE CASCADE ON UPDATE CASCADE,
  CONSTRAINT `video_ref_share` FOREIGN KEY (`share_id`) REFERENCES `share` (`share_id`) ON DELETE CASCADE ON UPDATE CASCADE,
  CONSTRAINT `video_ref_user` FOREIGN KEY (`uploader_id`) REFERENCES `user` (`uid`) ON DELETE CASCADE ON UPDATE CASCADE
) ENGINE=InnoDB DEFAULT CHARSET=utf8;

-- ----------------------------
-- Records of video
-- ----------------------------
INSERT INTO `video` VALUES ('9', null, 'http://localhost:8080/news/upload/video/20170607/1496806020615036943.mp4', '2017-06-07', '0', '1', null, '1');
INSERT INTO `video` VALUES ('11', 'Dream It Possible最好听啦~~~', 'http://localhost:8080/news/upload/video/20170607/1496824087471099264.mp4', '2017-06-07', '0', '4', '51', null);
INSERT INTO `video` VALUES ('12', '动物世界终于出MV啦~~~', 'http://localhost:8080/news/upload/video/20170607/1496824414663092826.mp4', '2017-06-07', '0', '4', '52', null);
INSERT INTO `video` VALUES ('13', '薛之谦的暧昧出MV啦~~~~', 'http://localhost:8080/news/upload/video/20170607/1496824449091072891.mp4', '2017-06-07', '0', '4', '53', null);
INSERT INTO `video` VALUES ('14', '城管拳脚相加强拆高考便民点 交警拼命守护怒吼：你走开！', 'http://localhost:8080/news/upload/video/20170607/1496824941733010764.mp4', '2017-06-07', '0', '4', '54', null);
INSERT INTO `video` VALUES ('15', '中国传统节日《端午节》', 'http://localhost:8080/news/upload/video/20170607/1496827285389062380.mp4', '2017-06-07', '0', '18', '62', null);
INSERT INTO `video` VALUES ('16', null, 'http://localhost:8080/news/upload/video/20170607/1496834422180002419.mp4', '2017-06-07', '0', '23', null, '2');
INSERT INTO `video` VALUES ('17', null, 'http://localhost:8080/news/upload/video/20170607/1496834422180002419.mp4', '2017-06-07', '0', '23', null, '3');
INSERT INTO `video` VALUES ('18', null, 'http://localhost:8080/news/upload/video/20170608/1496852402167011288.mp4', '2017-06-08', '0', '2', null, '9');
INSERT INTO `video` VALUES ('19', 'Safe And Sound', 'http://localhost:8080/news/upload/video/20170608/1496853470341055650.mp4', '2017-06-08', '0', '9', '80', null);
INSERT INTO `video` VALUES ('20', 'I See Fire', 'http://localhost:8080/news/upload/video/20170608/1496853588671006028.mp4', '2017-06-08', '0', '9', '81', null);
